trimesh/interfaces/scad.py:28: DeprecationWarning: Use shutil.which instead of find_executable
  _scad_executable = find_executable('openscad', path=_search_path)
trimesh/interfaces/blender.py:36: DeprecationWarning: Use shutil.which instead of find_executable
  _blender_executable = find_executable('blender', path=_search_path)
trimesh/interfaces/vhacd.py:21: DeprecationWarning: Use shutil.which instead of find_executable
  _vhacd_executable = find_executable(_name, path=_search_path)
trimesh/curvature.py:12: DeprecationWarning: Please use `coo_matrix` from the `scipy.sparse` namespace, the `scipy.sparse.coo` namespace is deprecated.
  from scipy.sparse.coo import coo_matrix
trimesh/exchange/ply.py:953: DeprecationWarning: Use shutil.which instead of find_executable
  draco_encoder = find_executable('draco_encoder')
trimesh/util.py:89: DeprecationWarning: 'pkgutil.find_loader' is deprecated and slated for removal in Python 3.14; use importlib.util.find_spec() instead
  return pkgutil.find_loader(name) is not None
trimesh/exchange/binvox.py:18: DeprecationWarning: Use shutil.which instead of find_executable
  binvox_encoder = find_executable('binvox')
trimesh/path/exchange/dxf.py:1101: DeprecationWarning: Use shutil.which instead of find_executable
  _teigha = find_executable(_name)
UM/Qt/QtApplication.py:734: DeprecationWarning: QEvent constructor is deprecated
  super().__init__(self.QtFunctionEvent)
sentry_sdk/hub.py:383: DeprecationWarning: datetime.datetime.utcnow() is deprecated and scheduled for removal in a future version. Use timezone-aware objects to represent datetimes in UTC: datetime.datetime.now(datetime.UTC).
[35m2026-09-30 14:35:04,998[0m - [36mDEBUG[0m - [37m[MainThread] UM.Application.initialize [171]: Initializing UltiMaker Cura[0m
[35m2026-09-30 14:35:04,998[0m - [36mDEBUG[0m - [37m[MainThread] UM.Application.initialize [172]: App Version 5.13.0[0m
[35m2026-09-30 14:35:04,998[0m - [36mDEBUG[0m - [37m[MainThread] UM.Application.initialize [173]: Api Version 8.12.0[0m
[35m2026-09-30 14:35:04,998[0m - [36mDEBUG[0m - [37m[MainThread] UM.Application.initialize [174]: Build type None[0m
[35m2026-09-30 14:35:04,998[0m - [33mWARNING[0m - [37m[MainThread] UM.PluginRegistry.addPluginLocation [205]: Plugin location /tmp/.mount_curaMKMEln/../Resources/share/uranium/plugins must be a folder.[0m
[35m2026-09-30 14:35:04,999[0m - [33mWARNING[0m - [37m[MainThread] UM.PluginRegistry.addPluginLocation [205]: Plugin location /tmp/.mount_curaMKMEln/../Resources/share/cura/plugins must be a folder.[0m
[35m2026-09-30 14:35:04,999[0m - [33mWARNING[0m - [37m[MainThread] UM.PluginRegistry.addPluginLocation [205]: Plugin location /tmp/lib/uranium must be a folder.[0m
[35m2026-09-30 14:35:04,999[0m - [33mWARNING[0m - [37m[MainThread] UM.PluginRegistry.addPluginLocation [205]: Plugin location /tmp/lib64/uranium must be a folder.[0m
[35m2026-09-30 14:35:04,999[0m - [33mWARNING[0m - [37m[MainThread] UM.PluginRegistry.addPluginLocation [205]: Plugin location /tmp/lib32/uranium must be a folder.[0m
[35m2026-09-30 14:35:04,999[0m - [33mWARNING[0m - [37m[MainThread] UM.PluginRegistry.addPluginLocation [205]: Plugin location /tmp/.mount_curaMKMEln/plugins must be a folder.[0m
[35m2026-09-30 14:35:04,999[0m - [33mWARNING[0m - [37m[MainThread] UM.PluginRegistry.addPluginLocation [205]: Plugin location /tmp/Resources/uranium/plugins must be a folder.[0m
[35m2026-09-30 14:35:04,999[0m - [33mWARNING[0m - [37m[MainThread] UM.PluginRegistry.addPluginLocation [205]: Plugin location /tmp/Resources/cura/plugins must be a folder.[0m
[35m2026-09-30 14:35:04,999[0m - [36mDEBUG[0m - [37m[MainThread] UM.Resources.__initializeStoragePaths [483]: Initializing storage paths[0m
[35m2026-09-30 14:35:04,999[0m - [36mDEBUG[0m - [37m[MainThread] UM.Resources.__initializeStoragePaths [494]: Config storage path is /home/daniel/.config/cura/5.13[0m
[35m2026-09-30 14:35:04,999[0m - [36mDEBUG[0m - [37m[MainThread] UM.Resources.__initializeStoragePaths [502]: Data storage path is /home/daniel/.local/share/cura/5.13[0m
[35m2026-09-30 14:35:04,999[0m - [36mDEBUG[0m - [37m[MainThread] UM.Resources.__initializeStoragePaths [514]: Cache storage path is /home/daniel/.cache/cura/5.13[0m
[35m2026-09-30 14:35:04,999[0m - [32mINFO[0m - [37m[MainThread] UM.PackageManager.__init__ [56]: Found bundled packages JSON file: /tmp/.mount_curaMKMEln/share/uranium/resources/bundled_packages/uranium.json[0m
[35m2026-09-30 14:35:04,999[0m - [32mINFO[0m - [37m[MainThread] UM.PackageManager.__init__ [56]: Found bundled packages JSON file: /tmp/.mount_curaMKMEln/share/cura/resources/bundled_packages/cura.json[0m
[35m2026-09-30 14:35:04,999[0m - [36mDEBUG[0m - [37m[MainThread] UM.View.GL.OpenGLContext.detectBestOpenGLVersion [124]: Trying OpenGL context 4.1...[0m
[35m2026-09-30 14:35:04,999[0m - [36mDEBUG[0m - [37m[MainThread] UM.View.GL.OpenGLContext.detectBestOpenGLVersion [132]: Yay, we got at least OpenGL 4.1 core: 4.6 Core profile[0m
[35m2026-09-30 14:35:04,999[0m - [36mDEBUG[0m - [37m[MainThread] UM.Qt.QtApplication.initialize [193]: Detected most suitable OpenGL context version: 4.1 Core profile[0m
[35m2026-09-30 14:35:04,999[0m - [32mINFO[0m - [37m[MainThread] UM.Qt.QtApplication.initialize [200]: Initializing job queue ...[0m
[35m2026-09-30 14:35:04,999[0m - [32mINFO[0m - [37m[MainThread] UM.Qt.QtApplication.initialize [204]: Initializing version upgrade manager ...[0m
[35m2026-09-30 14:35:04,999[0m - [32mINFO[0m - [37m[MainThread] UM.PackageManager._loadManagementData [174]: Loaded bundled packages data from /tmp/.mount_curaMKMEln/share/uranium/resources/bundled_packages/uranium.json[0m
[35m2026-09-30 14:35:04,999[0m - [32mINFO[0m - [37m[MainThread] UM.PackageManager._loadManagementData [174]: Loaded bundled packages data from /tmp/.mount_curaMKMEln/share/cura/resources/bundled_packages/cura.json[0m
[35m2026-09-30 14:35:04,999[0m - [32mINFO[0m - [37m[MainThread] UM.PackageManager._loadManagementData [201]: Loaded user packages management file from /home/daniel/.local/share/cura/5.13/packages.json[0m
[35m2026-09-30 14:35:04,999[0m - [32mINFO[0m - [37m[MainThread] UM.PackageManager._removeAllScheduledPackages [280]: Attempting to remove the following scheduled packages: - [0m
[35m2026-09-30 14:35:04,999[0m - [32mINFO[0m - [37m[MainThread] UM.PackageManager._installPackage [607]: Installing package [Slicedog_1] from file [/home/daniel/.cache/cura/5.13/cura_packages/Slicedog_1.curapackage][0m
[35m2026-09-30 14:35:04,999[0m - [32mINFO[0m - [37m[MainThread] UM.PackageManager.__installPackageFiles [662]: Moving package Slicedog_1 from /tmp/tmpjo1ohkwe/files/plugins to /home/daniel/.local/share/cura/5.13/plugins/Slicedog_1[0m
[35m2026-09-30 14:35:05,000[0m - [33mWARNING[0m - [37m[MainThread] UM.PackageManager._installPackage [643]: The path /tmp/tmpjo1ohkwe/files/materials does not exist, so not installing the files[0m
[35m2026-09-30 14:35:05,000[0m - [33mWARNING[0m - [37m[MainThread] UM.PackageManager._installPackage [643]: The path /tmp/tmpjo1ohkwe/files/qualities does not exist, so not installing the files[0m
[35m2026-09-30 14:35:05,000[0m - [33mWARNING[0m - [37m[MainThread] UM.PackageManager._installPackage [643]: The path /tmp/tmpjo1ohkwe/files/variants does not exist, so not installing the files[0m
[35m2026-09-30 14:35:05,000[0m - [33mWARNING[0m - [37m[MainThread] UM.PackageManager._installPackage [643]: The path /tmp/tmpjo1ohkwe/files/images does not exist, so not installing the files[0m
[35m2026-09-30 14:35:05,000[0m - [33mWARNING[0m - [37m[MainThread] UM.PackageManager._installPackage [643]: The path /tmp/tmpjo1ohkwe/files/intents does not exist, so not installing the files[0m
[35m2026-09-30 14:35:05,000[0m - [33mWARNING[0m - [37m[MainThread] UM.PackageManager._installPackage [643]: The path /tmp/tmpjo1ohkwe/files/intent does not exist, so not installing the files[0m
[35m2026-09-30 14:35:05,000[0m - [32mINFO[0m - [37m[MainThread] UM.PackageManager._saveManagementData [274]: Package management file /home/daniel/.local/share/cura/5.13/packages.json was saved[0m
[35m2026-09-30 14:35:05,000[0m - [32mINFO[0m - [37m[MainThread] UM.PluginRegistry.initializeBeforePluginsAreLoaded [138]: Loading plugin configuration file '/home/daniel/.config/cura/5.13/plugins.json'[0m
[35m2026-09-30 14:35:05,000[0m - [33mWARNING[0m - [37m[MainThread] UM.PluginRegistry.addPluginLocation [205]: Plugin location /tmp/lib/cura must be a folder.[0m
[35m2026-09-30 14:35:05,000[0m - [33mWARNING[0m - [37m[MainThread] UM.PluginRegistry.addPluginLocation [205]: Plugin location /tmp/lib32/cura must be a folder.[0m
[35m2026-09-30 14:35:05,000[0m - [33mWARNING[0m - [37m[MainThread] UM.PluginRegistry.addPluginLocation [205]: Plugin location /tmp/libx32/cura must be a folder.[0m
[35m2026-09-30 14:35:05,000[0m - [33mWARNING[0m - [37m[MainThread] UM.PluginRegistry.addPluginLocation [205]: Plugin location /tmp/lib64/cura must be a folder.[0m
[35m2026-09-30 14:35:05,000[0m - [32mINFO[0m - [37m[MainThread] UM.PluginRegistry.loadPlugin [540]: Loaded plugin ConsoleLogger 1.0.1[0m
[35m2026-09-30 14:35:05,003[0m - [32mINFO[0m - [37m[MainThread] UM.PluginRegistry.loadPlugin [540]: Loaded plugin OBJReader 1.0.1[0m
[35m2026-09-30 14:35:05,006[0m - [32mINFO[0m - [37m[MainThread] UM.PluginRegistry.loadPlugin [540]: Loaded plugin OBJWriter 1.0.1[0m
[35m2026-09-30 14:35:05,010[0m - [32mINFO[0m - [37m[MainThread] UM.PluginRegistry.loadPlugin [540]: Loaded plugin STLReader 1.0.1[0m
[35m2026-09-30 14:35:05,013[0m - [32mINFO[0m - [37m[MainThread] UM.PluginRegistry.loadPlugin [540]: Loaded plugin STLWriter 1.0.1[0m
[35m2026-09-30 14:35:05,017[0m - [32mINFO[0m - [37m[MainThread] UM.PluginRegistry.loadPlugin [540]: Loaded plugin FileLogger 1.0.1[0m
[35m2026-09-30 14:35:05,021[0m - [32mINFO[0m - [37m[MainThread] UM.PluginRegistry.loadPlugin [540]: Loaded plugin LocalContainerProvider 1.0.1[0m
[35m2026-09-30 14:35:05,025[0m - [32mINFO[0m - [37m[MainThread] UM.PluginRegistry.loadPlugin [540]: Loaded plugin LocalFileOutputDevice 1.0.1[0m
[35m2026-09-30 14:35:05,029[0m - [32mINFO[0m - [37m[MainThread] UM.PluginRegistry.loadPlugin [540]: Loaded plugin CameraTool 1.0.1[0m
[35m2026-09-30 14:35:05,032[0m - [32mINFO[0m - [37m[MainThread] UM.PluginRegistry.loadPlugin [540]: Loaded plugin MirrorTool 1.0.1[0m
[35m2026-09-30 14:35:05,039[0m - [32mINFO[0m - [37m[MainThread] UM.PluginRegistry.loadPlugin [540]: Loaded plugin RotateTool 1.0.2[0m
[35m2026-09-30 14:35:05,045[0m - [32mINFO[0m - [37m[MainThread] UM.PluginRegistry.loadPlugin [540]: Loaded plugin ScaleTool 1.0.1[0m
[35m2026-09-30 14:35:05,047[0m - [32mINFO[0m - [37m[MainThread] UM.PluginRegistry.loadPlugin [540]: Loaded plugin SelectionTool 1.0.1[0m
[35m2026-09-30 14:35:05,052[0m - [32mINFO[0m - [37m[MainThread] UM.PluginRegistry.loadPlugin [540]: Loaded plugin TranslateTool 1.0.1[0m
[35m2026-09-30 14:35:05,059[0m - [32mINFO[0m - [37m[MainThread] UpdateChecker.UpdateChecker.checkNewVersion [70]: Checking for new version[0m
[35m2026-09-30 14:35:05,061[0m - [32mINFO[0m - [37m[MainThread] UM.PluginRegistry.loadPlugin [540]: Loaded plugin UpdateChecker 1.0.1[0m
[35m2026-09-30 14:35:05,070[0m - [32mINFO[0m - [37m[MainThread] UM.PluginRegistry.loadPlugin [540]: Loaded plugin SimpleView 1.0.1[0m
[35m2026-09-30 14:35:05,076[0m - [33mWARNING[0m - [37m[MainThread] 3DConnexion.register [25]: Unable to load 3Dconnexion library: No module named 'pynavlib'[0m
[35m2026-09-30 14:35:05,076[0m - [33mWARNING[0m - [37m[MainThread] UM.PluginRegistry.loadPlugin [514]: Plugin 3DConnexion did not return any objects to register[0m
[35m2026-09-30 14:35:05,098[0m - [36mDEBUG[0m - [37m[MainThread] 3MFReader.SpecificSettingsModel._update [59]: Updating SpecificSettingsModel[0m
[35m2026-09-30 14:35:05,099[0m - [32mINFO[0m - [37m[MainThread] UM.PluginRegistry.loadPlugin [540]: Loaded plugin 3MFReader 1.0.1[0m
[35m2026-09-30 14:35:05,112[0m - [32mINFO[0m - [37m[MainThread] UM.PluginRegistry.loadPlugin [540]: Loaded plugin 3MFWriter 1.0.1[0m
[35m2026-09-30 14:35:05,115[0m - [32mINFO[0m - [37m[MainThread] UM.PluginRegistry.loadPlugin [540]: Loaded plugin AMFReader 1.0.0[0m
[35m2026-09-30 14:35:05,123[0m - [32mINFO[0m - [37m[MainThread] UM.PluginRegistry.loadPlugin [540]: Loaded plugin CuraDrive 1.2.0[0m
[35m2026-09-30 14:35:05,141[0m - [32mINFO[0m - [37m[MainThread] CuraEngineBackend.CuraEngineBackend.__init__ [113]: Found CuraEngine at: /tmp/.mount_curaMKMEln/CuraEngine[0m
[35m2026-09-30 14:35:05,142[0m - [32mINFO[0m - [37m[MainThread] UM.PluginRegistry.loadPlugin [540]: Loaded plugin CuraEngineBackend 1.0.2[0m
[35m2026-09-30 14:35:05,144[0m - [36mDEBUG[0m - [37m[MainThread] UM.Backend.Backend._logSocketState [232]: Socket state changed to Listening[0m
[35m2026-09-30 14:35:05,145[0m - [32mINFO[0m - [37m[MainThread] UM.Backend.Backend.startEngine [96]: Started engine process: /tmp/.mount_curaMKMEln/CuraEngine[0m
[35m2026-09-30 14:35:05,145[0m - [36mDEBUG[0m - [37m[MainThread] UM.Backend.Backend._backendLog [140]: [Backend] Calling engine with: ['/tmp/.mount_curaMKMEln/CuraEngine', 'connect', '127.0.0.1:49674', ''][0m
[35m2026-09-30 14:35:05,149[0m - [32mINFO[0m - [37m[MainThread] UM.PluginRegistry.loadPlugin [540]: Loaded plugin CuraProfileReader 1.0.1[0m
[35m2026-09-30 14:35:05,152[0m - [32mINFO[0m - [37m[MainThread] UM.PluginRegistry.loadPlugin [540]: Loaded plugin CuraProfileWriter 1.0.1[0m
[35m2026-09-30 14:35:05,160[0m - [36mDEBUG[0m - [37m[EngineOutputThread] UM.Backend.Backend._backendLog [140]: [Backend] [0m
[35m2026-09-30 14:35:05,161[0m - [36mDEBUG[0m - [37m[EngineOutputThread] UM.Backend.Backend._backendLog [140]: [Backend] Cura_SteamEngine version 5.13.0[0m
[35m2026-09-30 14:35:05,161[0m - [36mDEBUG[0m - [37m[EngineOutputThread] UM.Backend.Backend._backendLog [140]: [Backend] [0m
[35m2026-09-30 14:35:05,161[0m - [36mDEBUG[0m - [37m[EngineOutputThread] UM.Backend.Backend._backendLog [140]: [Backend] Copyright (C) 2024 Ultimaker[0m
[35m2026-09-30 14:35:05,162[0m - [36mDEBUG[0m - [37m[EngineOutputThread] UM.Backend.Backend._backendLog [140]: [Backend] [0m
[35m2026-09-30 14:35:05,164[0m - [36mDEBUG[0m - [37m[EngineOutputThread] UM.Backend.Backend._backendLog [140]: [Backend] This program is free software: you can redistribute it and/or modify[0m
[35m2026-09-30 14:35:05,164[0m - [36mDEBUG[0m - [37m[EngineOutputThread] UM.Backend.Backend._backendLog [140]: [Backend] it under the terms of the GNU Affero General Public License as published by[0m
[35m2026-09-30 14:35:05,165[0m - [36mDEBUG[0m - [37m[EngineOutputThread] UM.Backend.Backend._backendLog [140]: [Backend] the Free Software Foundation, either version 3 of the License, or[0m
[35m2026-09-30 14:35:05,165[0m - [36mDEBUG[0m - [37m[EngineOutputThread] UM.Backend.Backend._backendLog [140]: [Backend] (at your option) any later version.[0m
[35m2026-09-30 14:35:05,165[0m - [36mDEBUG[0m - [37m[EngineOutputThread] UM.Backend.Backend._backendLog [140]: [Backend] [0m
[35m2026-09-30 14:35:05,166[0m - [36mDEBUG[0m - [37m[EngineOutputThread] UM.Backend.Backend._backendLog [140]: [Backend] This program is distributed in the hope that it will be useful,[0m
[35m2026-09-30 14:35:05,166[0m - [36mDEBUG[0m - [37m[EngineOutputThread] UM.Backend.Backend._backendLog [140]: [Backend] but WITHOUT ANY WARRANTY; without even the implied warranty of[0m
[35m2026-09-30 14:35:05,166[0m - [36mDEBUG[0m - [37m[EngineOutputThread] UM.Backend.Backend._backendLog [140]: [Backend] MERCHANTABILITY or FITNESS FOR A PARTICULAR PURPOSE.  See the[0m
[35m2026-09-30 14:35:05,166[0m - [36mDEBUG[0m - [37m[EngineOutputThread] UM.Backend.Backend._backendLog [140]: [Backend] GNU Affero General Public License for more details.[0m
[35m2026-09-30 14:35:05,167[0m - [36mDEBUG[0m - [37m[EngineOutputThread] UM.Backend.Backend._backendLog [140]: [Backend] [0m
[35m2026-09-30 14:35:05,167[0m - [36mDEBUG[0m - [37m[EngineOutputThread] UM.Backend.Backend._backendLog [140]: [Backend] You should have received a copy of the GNU Affero General Public License[0m
[35m2026-09-30 14:35:05,167[0m - [36mDEBUG[0m - [37m[EngineOutputThread] UM.Backend.Backend._backendLog [140]: [Backend] along with this program.  If not, see <http://www.gnu.org/licenses/>.[0m
[35m2026-09-30 14:35:05,167[0m - [36mDEBUG[0m - [37m[EngineOutputThread] UM.Backend.Backend._backendLog [140]: [Backend] [2026-09-30 14:35:05.159] [info] Connecting to 127.0.0.1:49674[0m
[35m2026-09-30 14:35:05,178[0m - [32mINFO[0m - [37m[MainThread] UM.PluginRegistry.loadPlugin [540]: Loaded plugin DigitalLibrary 1.1.0[0m
[35m2026-09-30 14:35:05,178[0m - [36mDEBUG[0m - [37m[MainThread] UM.Backend.Backend._logSocketState [236]: Socket state changed to Connected[0m
[35m2026-09-30 14:35:05,179[0m - [36mDEBUG[0m - [37m[MainThread] UM.Backend.Backend._onSocketStateChanged [225]: Backend connected on port 49674[0m
[35m2026-09-30 14:35:05,183[0m - [32mINFO[0m - [37m[MainThread] UM.PluginRegistry.loadPlugin [540]: Loaded plugin FirmwareUpdateChecker 1.0.1[0m
[35m2026-09-30 14:35:05,186[0m - [32mINFO[0m - [37m[MainThread] UM.PluginRegistry.loadPlugin [540]: Loaded plugin FirmwareUpdater 1.0.1[0m
[35m2026-09-30 14:35:05,188[0m - [32mINFO[0m - [37m[MainThread] UM.PluginRegistry.loadPlugin [540]: Loaded plugin GCodeGzReader 1.0.1[0m
[35m2026-09-30 14:35:05,190[0m - [32mINFO[0m - [37m[MainThread] UM.PluginRegistry.loadPlugin [540]: Loaded plugin GCodeGzWriter 1.0.1[0m
[35m2026-09-30 14:35:05,192[0m - [32mINFO[0m - [37m[MainThread] UM.PluginRegistry.loadPlugin [540]: Loaded plugin GCodeProfileReader 1.0.1[0m
[35m2026-09-30 14:35:05,199[0m - [32mINFO[0m - [37m[MainThread] UM.PluginRegistry.loadPlugin [540]: Loaded plugin GCodeReader 1.0.1[0m
[35m2026-09-30 14:35:05,202[0m - [32mINFO[0m - [37m[MainThread] UM.PluginRegistry.loadPlugin [540]: Loaded plugin GCodeWriter 1.0.1[0m
[35m2026-09-30 14:35:05,207[0m - [32mINFO[0m - [37m[MainThread] UM.PluginRegistry.loadPlugin [540]: Loaded plugin ImageReader 1.0.1[0m
[35m2026-09-30 14:35:05,209[0m - [32mINFO[0m - [37m[MainThread] UM.PluginRegistry.loadPlugin [540]: Loaded plugin LegacyProfileReader 1.0.1[0m
[35m2026-09-30 14:35:05,212[0m - [32mINFO[0m - [37m[MainThread] UM.PluginRegistry.loadPlugin [540]: Loaded plugin MachineSettingsAction 1.0.1[0m
[35m2026-09-30 14:35:05,220[0m - [32mINFO[0m - [37m[MainThread] MakerbotWriter.MakerbotWriter.__init__ [34]: Using PyDulcificum: 5.10.2[0m
[35m2026-09-30 14:35:05,221[0m - [32mINFO[0m - [37m[MainThread] UM.PluginRegistry.loadPlugin [540]: Loaded plugin MakerbotWriter 0.1.0[0m
[35m2026-09-30 14:35:05,240[0m - [36mDEBUG[0m - [37m[MainThread] cura.OAuth2.AuthorizationService.getAccessToken [158]: No auth data to retrieve the access_token from[0m
[35m2026-09-30 14:35:05,240[0m - [36mDEBUG[0m - [37m[MainThread] cura.UltimakerCloud.UltimakerCloudScope.requestHook [30]: User is not logged in for Cloud API request to https://api.ultimaker.com/cura-packages/v1/cura/v8.12.0/packages/package-updates?installed_packages=VersionUpgrade34to35:1.0.1&installed_packages=VersionUpgrade42to43:1.0.0&installed_packages=DirectSupportBlockersReborn:1.0.2&installed_packages=GCodeGzWriter:1.0.1&installed_packages=OrientationPlugin:3.7.2&installed_packages=VersionUpgrade40to41:1.0.1&installed_packages=XRayView:1.0.1&installed_packages=AMFReader:1.0.0&installed_packages=FirmwareUpdater:1.0.1&installed_packages=MirrorTool:1.0.1&installed_packages=RotateTool:1.0.1&installed_packages=VersionUpgrade45to46:1.0.0&installed_packages=BananaSplit:1.0.4&installed_packages=CustomJobPrefix:3.7.0&installed_packages=UFPReader:1.0.0&installed_packages=VersionUpgrade43to44:1.0.0&installed_packages=CuraDrive:1.2.0&installed_packages=VersionUpgrade462to47:1.0.0&installed_packages=ThingiBrowser:3.1.0&installed_packages=HellaFusion:1.1.0&installed_packages=VersionUpgrade30to31:1.0.1&installed_packages=VersionUpgrade33to34:1.0.1&installed_packages=Slicedog_1:1.1.0&installed_packages=MeasureTool:1.2.0&installed_packages=VersionUpgrade44to45:1.0.0&installed_packages=BarbarianPlugin:2.3.2&installed_packages=TabAntiWarpingReborn:1.1.0&installed_packages=ScaleTool:1.0.1&installed_packages=VersionUpgrade41to42:1.0.0&installed_packages=SupportEraser:1.0.1&installed_packages=SliceInfoPlugin:1.0.1&installed_packages=FirmwareUpdateChecker:1.0.1&installed_packages=TabbedSettingsPlugin:1.0.9&installed_packages=TrimeshReader:1.0.0&installed_packages=SimulationView:1.0.1&installed_packages=VersionUpgrade460to462:1.0.0&installed_packages=MachineSettingsAction:1.0.1&installed_packages=ThemeCreator:1.4.0&installed_packages=VersionInTitlebarPlugin:3.6.0&installed_packages=PostProcessingPlugin:2.2.1&installed_packages=VersionUpgrade35to40:1.0.0&installed_packages=PrinterSettingsPlugin:3.6.0&installed_packages=GCodeReader:1.0.1&installed_packages=LegacyProfileReader:1.0.1&installed_packages=VersionUpgrade411to412:1.0.0&installed_packages=VersionUpgrade47to48:1.0.0&installed_packages=STLWriter:1.0.1&installed_packages=VersionUpgrade48to49:1.0.0&installed_packages=USBPrinting:1.0.2&installed_packages=CuraProfileWriter:1.0.1&installed_packages=VersionUpgrade49to410:1.0.0&installed_packages=VersionUpgrade52to53:1.0.0&installed_packages=UFPWriter:1.0.1&installed_packages=VersionUpgrade25to26:1.0.1&installed_packages=CalibrationShapesReborn:1.2.2&installed_packages=MaterialSettingsPlugin:3.7.0&installed_packages=StartOptimiser:3.6.0&installed_packages=SentryLogger:1.0.0&installed_packages=ModelChecker:1.0.1&installed_packages=OBJWriter:1.0.1&installed_packages=ImageReader:1.0.1&installed_packages=PerObjectSettingsTool:1.0.1&installed_packages=X3DReader:1.0.1&installed_packages=SpoonAntiWarpingReborn:1.1.3&installed_packages=GCodeProfileReader:1.0.1&installed_packages=SVGToolpathReader:1.2.2&installed_packages=SettingsExporter:1.0.0&installed_packages=RemovableDriveOutputDevice:1.0.1&installed_packages=CuraBlender:2.0.0&installed_packages=CuraProfileReader:1.0.1&installed_packages=VersionUpgrade21to22:1.0.1&installed_packages=GCodeGzReader:1.0.1&installed_packages=MakerbotWriter:1.0.1&installed_packages=UpdateChecker:1.0.1&installed_packages=StacksOfShapes:1.0.0&installed_packages=CustomSupportsReborn:1.2.0&installed_packages=UltimakerMachineActions:1.0.1&installed_packages=VersionUpgrade26to27:1.0.1&installed_packages=3MFReader:1.0.1&installed_packages=MeshTools:3.7.2&installed_packages=OBJReader:1.0.1&installed_packages=VersionUpgrade22to24:1.0.1&installed_packages=VersionUpgrade27to30:1.0.1&installed_packages=SettingsGuide2:2.9.2&installed_packages=DigitalLibrary:1.1.0&installed_packages=UM3NetworkPrinting:1.0.1&installed_packages=SidebarGUIPlugin:4.6.9&installed_packages=VersionUpgrade413to50:1.0.0&installed_packages=PauseBackendPlugin:3.6.0&installed_packages=VersionUpgrade32to33:1.0.1&installed_packages=3DConnexion:1.0.0&installed_packages=GenericHIPS:1.4.0&installed_packages=UltimakerCPE:1.4.0&installed_packages=UltimakerPETCF:1.4.0&installed_packages=GenericGFFPA:1.4.0&installed_packages=GenericBAM:1.4.0&installed_packages=ULTIMAKERRAPIDRINSEMETHOD:2.0.0&installed_packages=UltimakerABS:1.4.0&installed_packages=ULTIMAKERBASCFMETHOD:2.0.0&installed_packages=GenericPETCF:1.4.0&installed_packages=ULTIMAKERABSMETHOD:2.0.0&installed_packages=VertexDeltaTPU:1.4.0&installed_packages=IMADE3DJellyBOXPETG:1.0.1&installed_packages=GenericCPEPlus:1.4.0&installed_packages=GenericCPE:1.4.0&installed_packages=FABtotumPLA:1.4.0&installed_packages=GenericGFFCPE:1.4.0&installed_packages=VertexDeltaABS:1.4.0&installed_packages=GenericPETG:1.4.0&installed_packages=FABtotumTPU:1.4.0&installed_packages=PolyWoodPLA:1.0.1&installed_packages=ULTIMAKERPETGMETHOD:2.0.0&installed_packages=GenericPP:1.4.0&installed_packages=GenericTPU:1.4.0&installed_packages=UltimakerPLA:1.4.0&installed_packages=JABILSEBSMETHOD:2.0.0&installed_packages=ULTIMAKERASAMETHOD:2.0.0&installed_packages=ULTIMAKERSR30METHOD:2.0.0&installed_packages=ULTIMAKERTOUGHMETHOD:2.0.0&installed_packages=FiberlogyHDPLA:1.0.1&installed_packages=UltimakerNylon:1.4.0&installed_packages=UltimakerCPEP:1.4.0&installed_packages=BASFMETALMETHOD:2.0.0&installed_packages=UltimakerTPU:1.4.0&installed_packages=GenericCFFCPE:1.4.0&installed_packages=ULTIMAKERNYLON12CFMETHOD:2.0.0&installed_packages=ULTIMAKERNYLONCFMETHOD:2.0.0&installed_packages=OctofiberPLA:1.0.1&installed_packages=UltimakerTPLA:1.4.0&installed_packages=GenericPLA:1.4.0&installed_packages=GenericCFFPA:1.4.0&installed_packages=Filo3DPLA:1.0.1&installed_packages=IMADE3DJellyBOXPLA:1.0.1&installed_packages=GenericToughPLA:1.4.0&installed_packages=JabilTPE_SEBS1300_95a:1.0.1&installed_packages=UltimakerPPSCF:1.0.0&installed_packages=GenericPVA:1.4.0&installed_packages=PolyMaxPLA:1.0.1&installed_packages=UltimakerPC:1.4.0&installed_packages=VertexDeltaPET:1.4.0&installed_packages=ULTIMAKERNYLONMETHOD:2.0.0&installed_packages=UltimakerPETG:1.4.0&installed_packages=FABtotumNylon:1.4.0&installed_packages=ULTIMAKERPVAMETHOD:2.0.0&installed_packages=PolyPlusPLA:1.0.1&installed_packages=VertexDeltaPLA:1.4.0&installed_packages=ULTIMAKERPLAMETHOD:2.0.0&installed_packages=POLYMAKERPCMETHOD:2.0.0&installed_packages=UltimakerBAM:1.4.0&installed_packages=ULTIMAKERABSRMETHOD:2.0.0&installed_packages=UltimakerPVA:1.4.0&installed_packages=GenericABS:1.4.0&installed_packages=BASFUltrafuse316L:1.0.1&installed_packages=DagomaChromatikPLA:1.0.1&installed_packages=GenericNylon:1.4.0&installed_packages=FABtotumABS:1.4.0&installed_packages=PolyMaxPC:1.0.1&installed_packages=PolyFlexPLA:1.0.1&installed_packages=UltimakerPP:1.4.0&installed_packages=GenericPC:1.4.0[0m
[35m2026-09-30 14:35:05,241[0m - [32mINFO[0m - [37m[MainThread] UM.PluginRegistry.loadPlugin [540]: Loaded plugin Marketplace 1.0.0[0m
[35m2026-09-30 14:35:05,244[0m - [32mINFO[0m - [37m[MainThread] UM.PluginRegistry.loadPlugin [540]: Loaded plugin ModelChecker 1.0.1[0m
[35m2026-09-30 14:35:05,246[0m - [32mINFO[0m - [37m[MainThread] UM.PluginRegistry.loadPlugin [540]: Loaded plugin MonitorStage 1.0.1[0m
[35m2026-09-30 14:35:05,259[0m - [36mDEBUG[0m - [37m[EngineOutputThread] UM.Backend.Backend._backendLog [140]: [Backend] [2026-09-30 14:35:05.259] [info] Connected to 127.0.0.1:49674[0m
[35m2026-09-30 14:35:05,260[0m - [32mINFO[0m - [37m[MainThread] UM.PluginRegistry.loadPlugin [540]: Loaded plugin PaintTool 1.0.0[0m
[35m2026-09-30 14:35:05,265[0m - [32mINFO[0m - [37m[MainThread] UM.PluginRegistry.loadPlugin [540]: Loaded plugin PerObjectSettingsTool 1.0.1[0m
[35m2026-09-30 14:35:05,269[0m - [32mINFO[0m - [37m[MainThread] UM.PluginRegistry.loadPlugin [540]: Loaded plugin PostProcessingPlugin 2.3.0[0m
[35m2026-09-30 14:35:05,271[0m - [32mINFO[0m - [37m[MainThread] UM.PluginRegistry.loadPlugin [540]: Loaded plugin PrepareStage 1.0.1[0m
[35m2026-09-30 14:35:05,273[0m - [32mINFO[0m - [37m[MainThread] UM.PluginRegistry.loadPlugin [540]: Loaded plugin PreviewStage 1.0.1[0m
[35m2026-09-30 14:35:05,277[0m - [32mINFO[0m - [37m[MainThread] UM.PluginRegistry.loadPlugin [540]: Loaded plugin RemovableDriveOutputDevice 1.0.1[0m
[35m2026-09-30 14:35:05,289[0m - [32mINFO[0m - [37m[MainThread] UM.PluginRegistry.loadPlugin [540]: Loaded plugin SimulationView 1.1.0[0m
[35m2026-09-30 14:35:05,293[0m - [32mINFO[0m - [37m[MainThread] UM.PluginRegistry.loadPlugin [540]: Loaded plugin SliceInfoPlugin 1.0.1[0m
[35m2026-09-30 14:35:05,297[0m - [32mINFO[0m - [37m[MainThread] UM.PluginRegistry.loadPlugin [540]: Loaded plugin SolidView 1.0.1[0m
[35m2026-09-30 14:35:05,300[0m - [32mINFO[0m - [37m[MainThread] UM.PluginRegistry.loadPlugin [540]: Loaded plugin SupportEraser 1.0.1[0m
[35m2026-09-30 14:35:05,303[0m - [32mINFO[0m - [37m[MainThread] UM.PluginRegistry.loadPlugin [540]: Loaded plugin TrimeshReader 1.0.0[0m
[35m2026-09-30 14:35:05,307[0m - [32mINFO[0m - [37m[MainThread] UM.PluginRegistry.loadPlugin [540]: Loaded plugin UFPReader 1.0.0[0m
[35m2026-09-30 14:35:05,310[0m - [32mINFO[0m - [37m[MainThread] UM.PluginRegistry.loadPlugin [540]: Loaded plugin UFPWriter 1.0.1[0m
[35m2026-09-30 14:35:05,362[0m - [32mINFO[0m - [37m[MainThread] UM.PluginRegistry.loadPlugin [540]: Loaded plugin UM3NetworkPrinting 2.0.0[0m
/tmp/.mount_curaMKMEln/share/cura/plugins/USBPrinting/USBPrinterOutputDevice.py:280: SyntaxWarning: invalid escape sequence '\d'
  if re.search(b"[B|T\d*]: ?\d+\.?\d*", line):  # Temperature message. 'T:' for extruder and 'B:' for bed
/tmp/.mount_curaMKMEln/share/cura/plugins/USBPrinting/USBPrinterOutputDevice.py:281: SyntaxWarning: invalid escape sequence '\d'
  extruder_temperature_matches = re.findall(b"T(\d*): ?(\d+\.?\d*)\s*\/?(\d+\.?\d*)?", line)
/tmp/.mount_curaMKMEln/share/cura/plugins/USBPrinting/USBPrinterOutputDevice.py:303: SyntaxWarning: invalid escape sequence '\d'
  bed_temperature_matches = re.findall(b"B: ?(\d+\.?\d*)\s*\/?(\d+\.?\d*)?", line)
[35m2026-09-30 14:35:05,375[0m - [32mINFO[0m - [37m[MainThread] UM.PluginRegistry.loadPlugin [540]: Loaded plugin USBPrinting 1.0.2[0m
[35m2026-09-30 14:35:05,378[0m - [32mINFO[0m - [37m[MainThread] UM.PluginRegistry.loadPlugin [540]: Loaded plugin UltimakerMachineActions 1.0.1[0m
[35m2026-09-30 14:35:05,384[0m - [32mINFO[0m - [37m[MainThread] UM.PluginRegistry.loadPlugin [540]: Loaded plugin VersionUpgrade21to22 1.0.1[0m
[35m2026-09-30 14:35:05,416[0m - [32mINFO[0m - [37m[MainThread] UM.PluginRegistry.loadPlugin [540]: Loaded plugin VersionUpgrade22to24 1.0.1[0m
[35m2026-09-30 14:35:05,421[0m - [32mINFO[0m - [37m[MainThread] UM.PluginRegistry.loadPlugin [540]: Loaded plugin VersionUpgrade25to26 1.0.1[0m
[35m2026-09-30 14:35:05,424[0m - [32mINFO[0m - [37m[MainThread] UM.PluginRegistry.loadPlugin [540]: Loaded plugin VersionUpgrade26to27 1.0.1[0m
[35m2026-09-30 14:35:05,426[0m - [32mINFO[0m - [37m[MainThread] UM.PluginRegistry.loadPlugin [540]: Loaded plugin VersionUpgrade27to30 1.0.1[0m
[35m2026-09-30 14:35:05,429[0m - [32mINFO[0m - [37m[MainThread] UM.PluginRegistry.loadPlugin [540]: Loaded plugin VersionUpgrade30to31 1.0.1[0m
[35m2026-09-30 14:35:05,432[0m - [32mINFO[0m - [37m[MainThread] UM.PluginRegistry.loadPlugin [540]: Loaded plugin VersionUpgrade32to33 1.0.1[0m
[35m2026-09-30 14:35:05,433[0m - [32mINFO[0m - [37m[MainThread] UM.PluginRegistry.loadPlugin [540]: Loaded plugin VersionUpgrade33to34 1.0.1[0m
[35m2026-09-30 14:35:05,436[0m - [32mINFO[0m - [37m[MainThread] UM.PluginRegistry.loadPlugin [540]: Loaded plugin VersionUpgrade34to35 1.0.1[0m
[35m2026-09-30 14:35:05,438[0m - [32mINFO[0m - [37m[MainThread] UM.PluginRegistry.loadPlugin [540]: Loaded plugin VersionUpgrade35to40 1.0.0[0m
[35m2026-09-30 14:35:05,441[0m - [32mINFO[0m - [37m[MainThread] UM.PluginRegistry.loadPlugin [540]: Loaded plugin VersionUpgrade40to41 1.0.1[0m
[35m2026-09-30 14:35:05,444[0m - [32mINFO[0m - [37m[MainThread] UM.PluginRegistry.loadPlugin [540]: Loaded plugin VersionUpgrade411to412 1.0.0[0m
[35m2026-09-30 14:35:05,446[0m - [32mINFO[0m - [37m[MainThread] UM.PluginRegistry.loadPlugin [540]: Loaded plugin VersionUpgrade413to50 1.0.0[0m
[35m2026-09-30 14:35:05,449[0m - [32mINFO[0m - [37m[MainThread] UM.PluginRegistry.loadPlugin [540]: Loaded plugin VersionUpgrade41to42 1.0.0[0m
[35m2026-09-30 14:35:05,451[0m - [32mINFO[0m - [37m[MainThread] UM.PluginRegistry.loadPlugin [540]: Loaded plugin VersionUpgrade42to43 1.0.0[0m
[35m2026-09-30 14:35:05,454[0m - [32mINFO[0m - [37m[MainThread] UM.PluginRegistry.loadPlugin [540]: Loaded plugin VersionUpgrade43to44 1.0.0[0m
[35m2026-09-30 14:35:05,457[0m - [32mINFO[0m - [37m[MainThread] UM.PluginRegistry.loadPlugin [540]: Loaded plugin VersionUpgrade44to45 1.0.0[0m
[35m2026-09-30 14:35:05,460[0m - [32mINFO[0m - [37m[MainThread] UM.PluginRegistry.loadPlugin [540]: Loaded plugin VersionUpgrade45to46 1.0.0[0m
[35m2026-09-30 14:35:05,462[0m - [32mINFO[0m - [37m[MainThread] UM.PluginRegistry.loadPlugin [540]: Loaded plugin VersionUpgrade460to462 1.0.0[0m
[35m2026-09-30 14:35:05,465[0m - [32mINFO[0m - [37m[MainThread] UM.PluginRegistry.loadPlugin [540]: Loaded plugin VersionUpgrade462to47 1.0.0[0m
[35m2026-09-30 14:35:05,467[0m - [32mINFO[0m - [37m[MainThread] UM.PluginRegistry.loadPlugin [540]: Loaded plugin VersionUpgrade47to48 1.0.0[0m
[35m2026-09-30 14:35:05,469[0m - [32mINFO[0m - [37m[MainThread] UM.PluginRegistry.loadPlugin [540]: Loaded plugin VersionUpgrade48to49 1.0.0[0m
[35m2026-09-30 14:35:05,472[0m - [32mINFO[0m - [37m[MainThread] UM.PluginRegistry.loadPlugin [540]: Loaded plugin VersionUpgrade49to410 1.0.0[0m
[35m2026-09-30 14:35:05,474[0m - [32mINFO[0m - [37m[MainThread] UM.PluginRegistry.loadPlugin [540]: Loaded plugin VersionUpgrade511to512 1.0.0[0m
[35m2026-09-30 14:35:05,477[0m - [32mINFO[0m - [37m[MainThread] UM.PluginRegistry.loadPlugin [540]: Loaded plugin VersionUpgrade512to513 1.0.0[0m
[35m2026-09-30 14:35:05,480[0m - [32mINFO[0m - [37m[MainThread] UM.PluginRegistry.loadPlugin [540]: Loaded plugin VersionUpgrade52to53 1.0.0[0m
[35m2026-09-30 14:35:05,482[0m - [32mINFO[0m - [37m[MainThread] UM.PluginRegistry.loadPlugin [540]: Loaded plugin VersionUpgrade53to54 1.0.0[0m
[35m2026-09-30 14:35:05,484[0m - [32mINFO[0m - [37m[MainThread] UM.PluginRegistry.loadPlugin [540]: Loaded plugin VersionUpgrade54to55 1.0.0[0m
[35m2026-09-30 14:35:05,486[0m - [32mINFO[0m - [37m[MainThread] UM.PluginRegistry.loadPlugin [540]: Loaded plugin VersionUpgrade56to57 1.0.0[0m
[35m2026-09-30 14:35:05,489[0m - [32mINFO[0m - [37m[MainThread] UM.PluginRegistry.loadPlugin [540]: Loaded plugin VersionUpgrade58to59 1.0.0[0m
[35m2026-09-30 14:35:05,491[0m - [32mINFO[0m - [37m[MainThread] UM.PluginRegistry.loadPlugin [540]: Loaded plugin VersionUpgrade59to510 1.0.0[0m
[35m2026-09-30 14:35:05,499[0m - [32mINFO[0m - [37m[MainThread] UM.PluginRegistry.loadPlugin [540]: Loaded plugin X3DReader 1.0.1[0m
[35m2026-09-30 14:35:05,501[0m - [32mINFO[0m - [37m[MainThread] UM.PluginRegistry.loadPlugin [540]: Loaded plugin XRayView 1.0.1[0m
[35m2026-09-30 14:35:05,511[0m - [32mINFO[0m - [37m[MainThread] UM.PluginRegistry.loadPlugin [540]: Loaded plugin XmlMaterialProfile 1.0.1[0m
[35m2026-09-30 14:35:05,532[0m - [32mINFO[0m - [37m[MainThread] ThemeCreator.ThemeCreator.__init__ [36]: Theme Creator extension loaded[0m
[35m2026-09-30 14:35:05,532[0m - [32mINFO[0m - [37m[MainThread] UM.PluginRegistry.loadPlugin [540]: Loaded plugin ThemeCreator 1.4.0[0m
sentry_sdk/hub.py:383: DeprecationWarning: datetime.datetime.utcnow() is deprecated and scheduled for removal in a future version. Use timezone-aware objects to represent datetimes in UTC: datetime.datetime.now(datetime.UTC).
[35m2026-09-30 14:35:05,772[0m - [36mDEBUG[0m - [37m[MainThread] Slicedog_1.extension.SlicedogExtension._pick_oauth_port [186]: Selected port 51372[0m
[35m2026-09-30 14:35:05,775[0m - [33mWARNING[0m - [37m[MainThread] UM.Signal.connect [231]: 'selectedFaceChanged': Face selection using the Selection class is deprecated, since 5.11.0, please use the SelectionPass for faces in CuraRenderer instead.[0m
[35m2026-09-30 14:35:05,777[0m - [32mINFO[0m - [37m[MainThread] UM.PluginRegistry.loadPlugin [540]: Loaded plugin Slicedog_1 1.1.0[0m
[35m2026-09-30 14:35:05,784[0m - [36mDEBUG[0m - [37m[MainThread] SidebarGUIPlugin.__matchVersion [58]: This version of the plugin is not compatible with this version of Cura. Please check for an update.[0m
[35m2026-09-30 14:35:05,784[0m - [33mWARNING[0m - [37m[MainThread] SidebarGUIPlugin.register [26]: Plugin not loaded because of a version mismatch[0m
[35m2026-09-30 14:35:05,785[0m - [32mINFO[0m - [37m[MainThread] UM.PluginRegistry.loadPlugin [540]: Loaded plugin SidebarGUIPlugin 4.6.9[0m
/home/daniel/.local/share/cura/5.13/plugins/SettingsGuide2/SettingsGuide2/Mistune/mistune.py:435: SyntaxWarning: invalid escape sequence '\|'
  cells[i][c] = re.sub('\\\\\|', '|', cell)
UM/Settings/SettingFunction.py:277: DeprecationWarning: Attribute s is deprecated and will be removed in Python 3.14; use value instead
  if node.s.startswith("_"):
UM/Qt/QtApplication.py:734: DeprecationWarning: QEvent constructor is deprecated
  super().__init__(self.QtFunctionEvent)
[35m2026-09-30 14:35:05,993[0m - [32mINFO[0m - [37m[MainThread] UM.PluginRegistry.loadPlugin [540]: Loaded plugin SettingsGuide2 2.9.2[0m
[35m2026-09-30 14:35:06,005[0m - [32mINFO[0m - [37m[MainThread] UM.PluginRegistry.loadPlugin [540]: Loaded plugin CalibrationShapesReborn 1.2.2[0m
[35m2026-09-30 14:35:06,015[0m - [32mINFO[0m - [37m[MainThread] UM.PluginRegistry.loadPlugin [540]: Loaded plugin MeshTools 3.7.2[0m
[35m2026-09-30 14:35:06,023[0m - [32mINFO[0m - [37m[MainThread] StartOptimiser.StartOptimiser.__init__ [44]: 9806 containers are blacklisted by StartOptimiser[0m
[35m2026-09-30 14:35:06,024[0m - [32mINFO[0m - [37m[MainThread] UM.PluginRegistry.loadPlugin [540]: Loaded plugin StartOptimiser 3.6.0[0m
[35m2026-09-30 14:35:06,029[0m - [32mINFO[0m - [37m[MainThread] UM.PluginRegistry.loadPlugin [540]: Loaded plugin MaterialSettingsPlugin 3.7.0[0m
/home/daniel/.local/share/cura/5.13/plugins/StacksOfShapes/StacksOfShapes/ShapesData.py:495: SyntaxWarning: invalid escape sequence '\Z'
  TOOLTIP_KEY: catalog.i18nc("shape_tooltip_tetrominoes:", "A tetromino that looks like the letter \Z\". It's a mirror of the \"S\"."),
[35m2026-09-30 14:35:06,047[0m - [32mINFO[0m - [37m[MainThread] StacksOfShapes.StacksOfShapes.log [46]: self._race_condition_version = False, reported version = 5.13.0[0m
[35m2026-09-30 14:35:06,048[0m - [32mINFO[0m - [37m[MainThread] StacksOfShapes.StacksOfShapes.log [46]: current_version < _fixed_version_minimum = False current_version > _unbroken_version_maximum = True[0m
[35m2026-09-30 14:35:06,048[0m - [32mINFO[0m - [37m[MainThread] UM.PluginRegistry.loadPlugin [540]: Loaded plugin StacksOfShapes 1.0.0[0m
[35m2026-09-30 14:35:06,057[0m - [33mWARNING[0m - [37m[MainThread] UM.Preferences.getValue [116]: Tried to get the value of non-existing setting cura_blender/live_reload.[0m
[35m2026-09-30 14:35:06,057[0m - [33mWARNING[0m - [37m[MainThread] UM.Preferences.getValue [116]: Tried to get the value of non-existing setting cura_blender/auto_arrange_on_reload.[0m
[35m2026-09-30 14:35:06,057[0m - [33mWARNING[0m - [37m[MainThread] UM.Preferences.getValue [116]: Tried to get the value of non-existing setting cura_blender/auto_scale_on_read.[0m
[35m2026-09-30 14:35:06,057[0m - [33mWARNING[0m - [37m[MainThread] UM.Preferences.getValue [116]: Tried to get the value of non-existing setting cura_blender/show_scale_message.[0m
[35m2026-09-30 14:35:06,058[0m - [33mWARNING[0m - [37m[MainThread] UM.Preferences.getValue [116]: Tried to get the value of non-existing setting cura_blender/file_extension.[0m
[35m2026-09-30 14:35:06,058[0m - [33mWARNING[0m - [37m[MainThread] UM.Preferences.getValue [116]: Tried to get the value of non-existing setting cura_blender/warn_before_closing_other_blender_instances.[0m
[35m2026-09-30 14:35:06,058[0m - [33mWARNING[0m - [37m[MainThread] UM.Preferences.getValue [116]: Tried to get the value of non-existing setting cura_blender/blender_path.[0m
[35m2026-09-30 14:35:06,058[0m - [32mINFO[0m - [37m[MainThread] UM.PluginRegistry.loadPlugin [540]: Loaded plugin CuraBlender 2.0.0[0m
[35m2026-09-30 14:35:06,061[0m - [32mINFO[0m - [37m[MainThread] UM.PluginRegistry.loadPlugin [540]: Loaded plugin PauseBackendPlugin 3.6.0[0m
[35m2026-09-30 14:35:06,073[0m - [32mINFO[0m - [37m[MainThread] UM.PluginRegistry.loadPlugin [540]: Loaded plugin CustomSupportsReborn 1.2.0[0m
[35m2026-09-30 14:35:06,081[0m - [36mDEBUG[0m - [37m[MainThread] TabbedSettingsPlugin.__matchVersion [55]: This version of the plugin is not compatible with this version of Cura. Please check for an update.[0m
[35m2026-09-30 14:35:06,081[0m - [33mWARNING[0m - [37m[MainThread] TabbedSettingsPlugin.register [23]: Plugin not loaded because of a version mismatch[0m
[35m2026-09-30 14:35:06,082[0m - [32mINFO[0m - [37m[MainThread] UM.PluginRegistry.loadPlugin [540]: Loaded plugin TabbedSettingsPlugin 1.0.9[0m
[35m2026-09-30 14:35:06,098[0m - [32mINFO[0m - [37m[MainThread] UM.PluginRegistry.loadPlugin [540]: Loaded plugin SpoonAntiWarpingReborn 1.1.3[0m
[35m2026-09-30 14:35:06,104[0m - [32mINFO[0m - [37m[MainThread] UM.PluginRegistry.loadPlugin [540]: Loaded plugin CustomJobPrefix 3.7.0[0m
[35m2026-09-30 14:35:06,144[0m - [32mINFO[0m - [37m[MainThread] UM.PluginRegistry.loadPlugin [540]: Loaded plugin HellaFusion 1.1.0[0m
[35m2026-09-30 14:35:06,179[0m - [32mINFO[0m - [37m[MainThread] UM.PluginRegistry.loadPlugin [540]: Loaded plugin SVGToolpathReader 1.2.2[0m
[35m2026-09-30 14:35:06,186[0m - [32mINFO[0m - [37m[MainThread] UM.PluginRegistry.loadPlugin [540]: Loaded plugin BananaSplit 1.0.4[0m
[35m2026-09-30 14:35:06,200[0m - [32mINFO[0m - [37m[MainThread] UM.PluginRegistry.loadPlugin [540]: Loaded plugin ThingiBrowser 3.1.0[0m
[35m2026-09-30 14:35:06,208[0m - [32mINFO[0m - [37m[MainThread] UM.PluginRegistry.loadPlugin [540]: Loaded plugin TabAntiWarpingReborn 1.1.0[0m
[35m2026-09-30 14:35:06,211[0m - [32mINFO[0m - [37m[MainThread] UM.PluginRegistry.loadPlugin [540]: Loaded plugin PrinterSettingsPlugin 3.6.0[0m
[35m2026-09-30 14:35:06,214[0m - [32mINFO[0m - [37m[MainThread] UM.PluginRegistry.loadPlugin [540]: Loaded plugin SettingsExporter 1.0.0[0m
[35m2026-09-30 14:35:06,221[0m - [32mINFO[0m - [37m[MainThread] UM.PluginRegistry.loadPlugin [540]: Loaded plugin OrientationPlugin 3.7.2[0m
[35m2026-09-30 14:35:06,227[0m - [32mINFO[0m - [37m[MainThread] UM.PluginRegistry.loadPlugin [540]: Loaded plugin MeasureTool 1.2.0[0m
[35m2026-09-30 14:35:06,229[0m - [32mINFO[0m - [37m[MainThread] UM.PluginRegistry.loadPlugin [540]: Loaded plugin BarbarianPlugin 2.3.2[0m
[35m2026-09-30 14:35:06,237[0m - [32mINFO[0m - [37m[MainThread] UM.PluginRegistry.loadPlugin [540]: Loaded plugin DirectSupportBlockersReborn 1.0.2[0m
[35m2026-09-30 14:35:06,239[0m - [32mINFO[0m - [37m[MainThread] UM.PluginRegistry.loadPlugin [540]: Loaded plugin VersionInTitlebarPlugin 3.6.0[0m
[35m2026-09-30 14:35:06,240[0m - [36mDEBUG[0m - [37m[MainThread] UM.PluginRegistry.loadPlugins [456]: Loading all plugins took 1.258112907409668 seconds[0m
[35m2026-09-30 14:35:06,243[0m - [32mINFO[0m - [37m[MainThread] UM.VersionUpgradeManager.upgrade [163]: Looking for old configuration files to upgrade.[0m
[35m2026-09-30 14:35:06,270[0m - [33mWARNING[0m - [37m[MainThread] UM.VersionUpgradeManager._getUpgradeTasks [334]: Failed to get file version: ../custom_material.xml.fdm_material, skip it[0m
[35m2026-09-30 14:35:06,272[0m - [32mINFO[0m - [37m[MainThread] UM.VersionUpgradeManager.upgrade [177]: Checking and performing updates took 0.0299072265625[0m
[35m2026-09-30 14:35:06,301[0m - [32mINFO[0m - [37m[MainThread] UM.Qt.QtApplication.startSplashWindowPhase [267]: Completed loading preferences.[0m
[35m2026-09-30 14:35:06,489[0m - [33mWARNING[0m - [37m[MainThread] StartOptimiser.LocalContainerProviderPatches._pathToIdAndMime [48]: MIME type could not be found for file: /tmp/.mount_curaMKMEln/share/cura/resources/variants/biqu/qt.conf, ignoring it.[0m
[35m2026-09-30 14:35:06,569[0m - [33mWARNING[0m - [37m[MainThread] StartOptimiser.LocalContainerProviderPatches._pathToIdAndMime [48]: MIME type could not be found for file: /tmp/.mount_curaMKMEln/share/cura/resources/quality/deltacomb/qt.conf, ignoring it.[0m
[35m2026-09-30 14:35:06,604[0m - [33mWARNING[0m - [37m[MainThread] StartOptimiser.LocalContainerProviderPatches._pathToIdAndMime [48]: MIME type could not be found for file: /tmp/.mount_curaMKMEln/share/cura/resources/variants/biqu/qt6.conf, ignoring it.[0m
[35m2026-09-30 14:35:06,656[0m - [33mWARNING[0m - [37m[MainThread] StartOptimiser.LocalContainerProviderPatches._pathToIdAndMime [48]: MIME type could not be found for file: /tmp/.mount_curaMKMEln/share/cura/resources/extruders/qt.conf, ignoring it.[0m
[35m2026-09-30 14:35:06,667[0m - [33mWARNING[0m - [37m[MainThread] StartOptimiser.LocalContainerProviderPatches._pathToIdAndMime [48]: MIME type could not be found for file: /tmp/.mount_curaMKMEln/share/cura/resources/definitions/qt.conf, ignoring it.[0m
[35m2026-09-30 14:35:06,698[0m - [33mWARNING[0m - [37m[MainThread] StartOptimiser.LocalContainerProviderPatches._pathToIdAndMime [48]: MIME type could not be found for file: /tmp/.mount_curaMKMEln/share/cura/resources/extruders/qt6.conf, ignoring it.[0m
[35m2026-09-30 14:35:06,869[0m - [33mWARNING[0m - [37m[MainThread] StartOptimiser.LocalContainerProviderPatches._pathToIdAndMime [48]: MIME type could not be found for file: /tmp/.mount_curaMKMEln/share/cura/resources/definitions/qt6.conf, ignoring it.[0m
[35m2026-09-30 14:35:06,984[0m - [33mWARNING[0m - [37m[MainThread] StartOptimiser.LocalContainerProviderPatches._pathToIdAndMime [48]: MIME type could not be found for file: /tmp/.mount_curaMKMEln/share/cura/resources/quality/deltacomb/qt6.conf, ignoring it.[0m
[35m2026-09-30 14:35:07,060[0m - [36mDEBUG[0m - [37m[MainThread] UM.Settings.ContainerRegistry.loadAllMetadata [565]: Loading metadata into container registry took 0.7505831718444824 seconds[0m
[35m2026-09-30 14:35:07,065[0m - [36mDEBUG[0m - [37m[MainThread] cura.Scene.CuraSceneController.setActiveBuildPlate [142]: Selected build plate: 0[0m
[35m2026-09-30 14:35:07,066[0m - [32mINFO[0m - [37m[MainThread] cura.CuraApplication._log_hardware_info [965]: System: Linux[0m
[35m2026-09-30 14:35:07,066[0m - [32mINFO[0m - [37m[MainThread] cura.CuraApplication._log_hardware_info [966]: Release: 7.2.8-polaris-v1[0m
[35m2026-09-30 14:35:07,066[0m - [32mINFO[0m - [37m[MainThread] cura.CuraApplication._log_hardware_info [967]: Version: #1 SMP PREEMPT_DYNAMIC Fri Sep 25 19:20:29 -03 2026[0m
sentry_sdk/hub.py:383: DeprecationWarning: datetime.datetime.utcnow() is deprecated and scheduled for removal in a future version. Use timezone-aware objects to represent datetimes in UTC: datetime.datetime.now(datetime.UTC).
[35m2026-09-30 14:35:07,071[0m - [32mINFO[0m - [37m[MainThread] cura.CuraApplication._log_hardware_info [968]: Processor name: [0m
[35m2026-09-30 14:35:07,071[0m - [32mINFO[0m - [37m[MainThread] cura.CuraApplication._log_hardware_info [969]: CPU Cores: 16[0m
[35m2026-09-30 14:35:07,072[0m - [36mDEBUG[0m - [37m[MainThread] cura.CuraApplication.run [892]: Using conan dependencies: {'cura_resources': {'version': '5.13.0', 'revision': '2080749113c0205b06291f2d96ec0ffa'}, 'uranium': {'version': '5.13.0', 'revision': '77cea53c8f8f2ef1357efe1678bd3969'}, 'pyarcus': {'version': '5.11.0', 'revision': '817c75c07a0339124f37fb720fe41bf1'}, 'uvula': {'version': '1.0.1', 'revision': '9a68f8144765842c934e82caeb4b88a8'}, 'curaengine': {'version': '5.13.0', 'revision': '17695d489fe7193993d851c6defc145f'}, 'onetbb': {'version': '2022.2.0', 'revision': 'c46933bfdedba8347b631aa6fc9878cf'}, 'hwloc': {'version': '2.9.3', 'revision': '11acb96cf1e611d293bf90172fadff7d'}, 'arcus': {'version': '5.11.0', 'revision': '4c44446b0851a944fc0353d6f9639600'}, 'curaengine_grpc_definitions': {'version': '0.4.0', 'revision': '436fbcd68eb6a04004788e2cc1b8fb9a'}, 'asio-grpc': {'version': '2.9.2', 'revision': '09f63ea2cd9edcef9c173a5a57deb045'}, 'grpc': {'version': '1.54.3', 'revision': '137ce7b9a4cc51aac36d56f3c2630403'}, 'cura_binary_data': {'version': '5.13.0', 'revision': 'bc6bea3c865cd821e09e1bac4f446dd9'}, 'fdm_materials': {'version': '5.13.0', 'revision': 'c66aab36ef997e4d6180def1d2219a7e'}, 'dulcificum': {'version': '5.10.2', 'revision': '760a781b43c58a0cf805df05b4c3c90b'}, 'nlohmann_json': {'version': '3.11.2', 'revision': '1ded6ae5d200a68ac17c51d528b945e2'}, 'range-v3': {'version': '0.12.0', 'revision': '4c05d91d7b40e6b91b44b5345ac64408'}, 'ctre': {'version': '3.7.2', 'revision': '86bd3592feebcdafd2ab7b8a1aad0c80'}, 'pysavitar': {'version': '5.11.0-alpha.0', 'revision': '1554a8b1c2e50e450ea510bb39ff83ee'}, 'savitar': {'version': '5.11.0-alpha.0', 'revision': '852eb8ba455c990aa9e87cc9fc9f465f'}, 'pynest2d': {'version': '5.10.0', 'revision': 'ff5d39339d68c1cb296f83563e3eeacd'}, 'nest2d': {'version': '5.10.0', 'revision': 'c4a62b678b517066869b38cf36798f33'}, 'spdlog': {'version': '1.15.1', 'revision': '92e99f07f134481bce4b70c1a41060e7'}, 'fmt': {'version': '11.1.3', 'revision': '8364f0feb23ee32e4b870455edb552ae'}, 'nlopt': {'version': '2.7.1', 'revision': '61296485856e44d13b39346ef54325f1'}, 'clipper': {'version': '6.4.2', 'revision': '7c8fe83a09fcb2e6adb118763eaa6e58'}, 'sentry-native': {'version': '0.7.15', 'revision': 'fa839e8362a9095abe09d1e197df06c4'}, 'libcurl': {'version': '8.20.0', 'revision': '465ac276192c197ddc6a9f4494004278'}, 'cpython': {'version': '3.12.2', 'revision': '68cb44d6d7eeb24578b1c942ce16a8cd'}, 'openssl': {'version': '3.6.2', 'revision': '36f92686a9285adfe2ccd1c1dbf9ea35'}}[0m
[35m2026-09-30 14:35:07,072[0m - [36mDEBUG[0m - [37m[MainThread] cura.CuraApplication.run [893]: Using python dependencies: {'typing_extensions': {'version': '4.3.0'}, 'Twisted': {'version': '21.2.0'}, 'Automat': {'version': '20.2.0'}, 'networkx': {'version': '2.6.2'}, 'requests': {'version': '2.32.3'}, 'incremental': {'version': '22.10.0'}, 'hyperlink': {'version': '21.0.0'}, 'zeroconf': {'version': '0.31.0'}, 'pybind11': {'version': '2.6.2'}, 'jaraco.functools': {'version': '4.1.0'}, 'cryptography': {'version': '44.0.0'}, 'numpy': {'version': '1.26.4'}, 'idna': {'version': '2.8'}, 'Cython': {'version': '0.29.26'}, 'python-utils': {'version': '2.3.0'}, 'packaging': {'version': '26.2'}, 'jaraco.context': {'version': '6.0.1'}, 'SecretStorage': {'version': '3.3.3'}, 'urllib3': {'version': '2.2.3'}, 'certifi': {'version': '2023.5.7'}, 'scipy': {'version': '1.11.3'}, 'constantly': {'version': '15.1.0'}, 'chardet': {'version': '3.0.4'}, 'wheel': {'version': '0.37.1'}, 'importlib-metadata': {'version': '4.10.0'}, 'PyQt6-sip': {'version': '13.6.0'}, 'trimesh': {'version': '3.9.36'}, 'zope.interface': {'version': '5.4.0'}, 'sentry-sdk': {'version': '0.13.5'}, 'pycparser': {'version': '2.22'}, 'PyQt6': {'version': '6.6.0'}, 'six': {'version': '1.16.0'}, 'cffi': {'version': '1.17.1'}, 'jeepney': {'version': '0.8.0'}, 'Charon': {'version': '1.0'}, 'setuptools': {'version': '75.6.0'}, 'mypy-extensions': {'version': '0.4.3'}, 'keyring': {'version': '25.5.0'}, 'attrs': {'version': '21.3.0'}, 'ifaddr': {'version': '0.1.7'}, 'shapely': {'version': '2.0.6'}, 'pip': {'version': '26.1.1'}, 'charset-normalizer': {'version': '2.1.0'}, 'pyserial': {'version': '3.4'}, 'jaraco.classes': {'version': '3.4.0'}, 'numpy-stl': {'version': '2.10.1'}, 'PyQt6-Qt6': {'version': '6.6.0'}, 'colorlog': {'version': '6.6.0'}, 'tomli': {'version': '2.0.1'}, 'pyclipper': {'version': '1.3.0.post5'}, 'more-itertools': {'version': '10.5.0'}, 'mypy': {'version': '0.931'}, 'zipp': {'version': '3.5.0'}}[0m
[35m2026-09-30 14:35:07,072[0m - [32mINFO[0m - [37m[MainThread] cura.CuraApplication.run [895]: Initializing machine error checker[0m
UM/Qt/QtApplication.py:734: DeprecationWarning: QEvent constructor is deprecated
  super().__init__(self.QtFunctionEvent)
UM/Settings/SettingFunction.py:277: DeprecationWarning: Attribute s is deprecated and will be removed in Python 3.14; use value instead
  if node.s.startswith("_"):
[35m2026-09-30 14:35:07,516[0m - [32mINFO[0m - [37m[MainThread] cura.UI.MachineActionManager.addDefaultMachineActions [74]: Default machine actions added for machine definition [creality_ender3][0m
[35m2026-09-30 14:35:07,903[0m - [32mINFO[0m - [37m[MainThread] cura.Settings.GlobalStack.addExtruder [199]: Extruder[creality_base_extruder_0 #3] added to [Creality Ender 3] at position [0][0m
[35m2026-09-30 14:35:07,908[0m - [32mINFO[0m - [37m[MainThread] FirmwareUpdateChecker.FirmwareUpdateChecker.checkFirmwareVersion [79]: No machine with name Creality Ender-3 / Ender-3 v2 in list of firmware to check.[0m
[35m2026-09-30 14:35:07,930[0m - [36mDEBUG[0m - [37m[MainThread] cura.Machines.MachineErrorChecker._rescheduleCheck [165]: New error check scheduled.[0m
[35m2026-09-30 14:35:07,956[0m - [36mDEBUG[0m - [37m[MainThread] cura.Machines.ContainerTree.__getitem__ [120]: Adding container tree for creality_ender3 took 0.021700620651245117 seconds.[0m
[35m2026-09-30 14:35:07,965[0m - [36mDEBUG[0m - [37m[MainThread] PostProcessingPlugin.PostProcessingPlugin.loadScripts [217]: Begin loading of script: AddCoolingProfile[0m
[35m2026-09-30 14:35:07,968[0m - [36mDEBUG[0m - [37m[MainThread] PostProcessingPlugin.PostProcessingPlugin.loadScripts [217]: Begin loading of script: AnnealingOrDrying[0m
[35m2026-09-30 14:35:07,972[0m - [36mDEBUG[0m - [37m[MainThread] PostProcessingPlugin.PostProcessingPlugin.loadScripts [217]: Begin loading of script: ChangeAtZ[0m
[35m2026-09-30 14:35:07,973[0m - [36mDEBUG[0m - [37m[MainThread] PostProcessingPlugin.PostProcessingPlugin.loadScripts [217]: Begin loading of script: ColorMix[0m
[35m2026-09-30 14:35:07,974[0m - [36mDEBUG[0m - [37m[MainThread] PostProcessingPlugin.PostProcessingPlugin.loadScripts [217]: Begin loading of script: CreateThumbnail[0m
[35m2026-09-30 14:35:07,974[0m - [36mDEBUG[0m - [37m[MainThread] PostProcessingPlugin.PostProcessingPlugin.loadScripts [217]: Begin loading of script: DisplayFilenameAndLayerOnLCD[0m
[35m2026-09-30 14:35:07,978[0m - [36mDEBUG[0m - [37m[MainThread] PostProcessingPlugin.PostProcessingPlugin.loadScripts [217]: Begin loading of script: DisplayInfoOnLCD[0m
[35m2026-09-30 14:35:07,979[0m - [36mDEBUG[0m - [37m[MainThread] PostProcessingPlugin.PostProcessingPlugin.loadScripts [217]: Begin loading of script: DisplayProgressOnLCD[0m
[35m2026-09-30 14:35:07,980[0m - [36mDEBUG[0m - [37m[MainThread] PostProcessingPlugin.PostProcessingPlugin.loadScripts [217]: Begin loading of script: FilamentChange[0m
[35m2026-09-30 14:35:07,981[0m - [36mDEBUG[0m - [37m[MainThread] PostProcessingPlugin.PostProcessingPlugin.loadScripts [217]: Begin loading of script: InsertAtLayerChange[0m
[35m2026-09-30 14:35:07,983[0m - [36mDEBUG[0m - [37m[MainThread] PostProcessingPlugin.PostProcessingPlugin.loadScripts [217]: Begin loading of script: LimitXYAccelJerk[0m
[35m2026-09-30 14:35:07,985[0m - [36mDEBUG[0m - [37m[MainThread] PostProcessingPlugin.PostProcessingPlugin.loadScripts [217]: Begin loading of script: PauseAtHeight[0m
[35m2026-09-30 14:35:07,992[0m - [36mDEBUG[0m - [37m[MainThread] PostProcessingPlugin.PostProcessingPlugin.loadScripts [217]: Begin loading of script: PurgeLinesAndUnload[0m
[35m2026-09-30 14:35:07,993[0m - [36mDEBUG[0m - [37m[MainThread] PostProcessingPlugin.PostProcessingPlugin.loadScripts [217]: Begin loading of script: RetractContinue[0m
[35m2026-09-30 14:35:07,994[0m - [36mDEBUG[0m - [37m[MainThread] PostProcessingPlugin.PostProcessingPlugin.loadScripts [217]: Begin loading of script: SearchAndReplace[0m
[35m2026-09-30 14:35:07,997[0m - [36mDEBUG[0m - [37m[MainThread] PostProcessingPlugin.PostProcessingPlugin.loadScripts [217]: Begin loading of script: Stretch[0m
[35m2026-09-30 14:35:07,999[0m - [36mDEBUG[0m - [37m[MainThread] PostProcessingPlugin.PostProcessingPlugin.loadScripts [217]: Begin loading of script: TimeLapse[0m
/tmp/.mount_curaMKMEln/share/cura/plugins/PostProcessingPlugin/scripts/TweakAtZ.py:732: SyntaxWarning: invalid escape sequence '\d'
  lines[l_index] = re.sub("S(\d+|\d.+)", f"S{self.inactive_print_temp} ; TweakAtZ: Alter temperature", line)
/tmp/.mount_curaMKMEln/share/cura/plugins/PostProcessingPlugin/scripts/TweakAtZ.py:734: SyntaxWarning: invalid escape sequence '\d'
  lines[l_index] = re.sub("S(\d+|\d.+)", f"S{self.active_print_temp} ; TweakAtZ: Alter temperature", line)
[35m2026-09-30 14:35:08,003[0m - [36mDEBUG[0m - [37m[MainThread] PostProcessingPlugin.PostProcessingPlugin.loadScripts [217]: Begin loading of script: TweakAtZ[0m
[35m2026-09-30 14:35:08,004[0m - [36mDEBUG[0m - [37m[MainThread] PostProcessingPlugin.PostProcessingPlugin.loadScripts [217]: Begin loading of script: UsePreviousProbeMeasurements[0m
/tmp/.mount_curaMKMEln/share/cura/plugins/PostProcessingPlugin/scripts/ZHopOnTravel.py:490: SyntaxWarning: invalid escape sequence '\d'
  if "G11" in next_line or re.search("G1 F(\d+\.\d+|\d+) E(-?\d+\.\d+|-?\d+)", next_line) and reset_type == 0:
[35m2026-09-30 14:35:08,007[0m - [36mDEBUG[0m - [37m[MainThread] PostProcessingPlugin.PostProcessingPlugin.loadScripts [217]: Begin loading of script: ZHopOnTravel[0m
[35m2026-09-30 14:35:08,013[0m - [32mINFO[0m - [37m[MainThread] cura.CuraApplication.run [900]: Initializing machine manager[0m
[35m2026-09-30 14:35:08,024[0m - [32mINFO[0m - [37m[MainThread] cura.CuraApplication.run [905]: Initializing container manager[0m
/tmp/.mount_curaMKMEln/share/cura/plugins/3MFReader/ThreeMFReader.py:140: DeprecationWarning: The binary mode of fromstring is deprecated, as it behaves surprisingly on unicode inputs. Use frombuffer instead
  vertices_data = numpy.fromstring(mesh_data.getFlatVerticesAsBytes(), dtype=numpy.float32)
[35m2026-09-30 14:35:08,049[0m - [36mDEBUG[0m - [37m[JobQueueWorker [0]] UM.Mesh.MeshData.calculateNormalsFromVertices [675]: Calculating normals took 0.0025610923767089844 seconds[0m
[35m2026-09-30 14:35:08,144[0m - [36mDEBUG[0m - [37m[JobQueueWorker [0]] UM.Mesh.MeshData.approximateConvexHull [619]: approximateConvexHull(target_count=1024) Calculating 3D convex hull took 0.04762697219848633 seconds. 8 input vertices. 8 output vertices.[0m
[35m2026-09-30 14:35:08,194[0m - [36mDEBUG[0m - [37m[MainThread] cura.OAuth2.AuthorizationService.loadAuthDataFromPreferences [284]: Attempting to load the auth data from preferences.[0m
[35m2026-09-30 14:35:08,196[0m - [36mDEBUG[0m - [37m[MainThread] cura.OAuth2.AuthorizationHelpers.checkToken [121]: Checking the access token for [https://account.ultimaker.com/check-token][0m
[35m2026-09-30 14:35:08,202[0m - [33mWARNING[0m - [37m[MainThread] UM.OutputDevice.OutputDeviceManager.removeOutputDevice [235]: Could not find output device with id digital_factory to remove[0m
[35m2026-09-30 14:35:08,212[0m - [36mDEBUG[0m - [37m[MainThread] UM.Scene.Camera._preferencesChanged [266]: Changing perspective mode to orthographic.[0m
[35m2026-09-30 14:35:08,293[0m - [36mDEBUG[0m - [37m[MainThread] UM.Qt.Bindings.Theme.load [188]: Loading theme file: /home/daniel/.local/share/cura/5.13/themes/custom-theme/theme.json[0m
[35m2026-09-30 14:35:08,293[0m - [36mDEBUG[0m - [37m[MainThread] UM.Qt.Bindings.Theme.load [188]: Loading theme file: /tmp/.mount_curaMKMEln/share/cura/resources/themes/cura-light/theme.json[0m
[35m2026-09-30 14:35:08,321[0m - [36mDEBUG[0m - [37m[MainThread] UM.Qt.Bindings.Theme.load [323]: Loaded theme /tmp/.mount_curaMKMEln/share/cura/resources/themes/cura-light[0m
[35m2026-09-30 14:35:08,322[0m - [32mINFO[0m - [37m[MainThread] UM.Qt.Bindings.Theme.load [324]: System's em size is 13px.[0m
[35m2026-09-30 14:35:08,323[0m - [36mDEBUG[0m - [37m[MainThread] UM.Qt.Bindings.Theme.load [323]: Loaded theme /home/daniel/.local/share/cura/5.13/themes/custom-theme[0m
[35m2026-09-30 14:35:08,323[0m - [32mINFO[0m - [37m[MainThread] UM.Qt.Bindings.Theme.load [324]: System's em size is 13px.[0m
[35m2026-09-30 14:35:08,329[0m - [36mDEBUG[0m - [37m[MainThread] cura.Machines.MachineErrorChecker._checkStack [169]: Need to check for errors again. Discard the current progress and reschedule a check.[0m
[35m2026-09-30 14:35:08,604[0m - [36mDEBUG[0m - [37m[MainThread] PostProcessingPlugin.PostProcessingPlugin._createView [355]: Creating post processing plugin view.[0m
[35m2026-09-30 14:35:08,779[0m - [36mDEBUG[0m - [37m[MainThread] PostProcessingPlugin.PostProcessingPlugin._createView [365]: Post processing view created.[0m
[35m2026-09-30 14:35:09,064[0m - [33mWARNING[0m - [37m[MainThread] UM.ColorImage._updateSVG [32]: Unable to find image located at //home/daniel/.local/share/cura/5.13/plugins/Slicedog_1/Slicedog_1/default.png[0m
[35m2026-09-30 14:35:09,064[0m - [33mWARNING[0m - [37m[MainThread] UM.ColorImage._updateSVG [32]: Unable to find image located at //home/daniel/.local/share/cura/5.13/plugins/Slicedog_1/Slicedog_1/default.png[0m
[35m2026-09-30 14:35:09,194[0m - [36mDEBUG[0m - [37m[MainThread] cura.Machines.Models.NozzleModel._update [28]: Updating NozzleModel.[0m
[35m2026-09-30 14:35:09,240[0m - [33mWARNING[0m - [37m[MainThread] UM.Qt.QtApplication.__onQmlWarning [449]: <Unknown File>: [0m
[35m2026-09-30 14:35:09,251[0m - [36mDEBUG[0m - [37m[MainThread] MeshTools.MeshTools._onEngineCreated [144]: Inserting item in context menu[0m
[35m2026-09-30 14:35:09,268[0m - [36mDEBUG[0m - [37m[MainThread] MaterialSettingsPlugin.MaterialSettingsPlugin._setupNewPreferencesDialogHook [110]: Setting up MaterialSettingsPlugin for Cura 5.11+ PreferencesDialog[0m
[35m2026-09-30 14:35:09,268[0m - [36mDEBUG[0m - [37m[MainThread] MaterialSettingsPlugin.MaterialSettingsPlugin._setupNewPreferencesDialogHook [138]: Connected to focusWindowChanged for preference dialog detection[0m
[35m2026-09-30 14:35:09,269[0m - [36mDEBUG[0m - [37m[MainThread] PauseBackendPlugin.PauseBackend._createAdditionalComponentsView [31]: Creating additional ui components for Pause Backend plugin.[0m
[35m2026-09-30 14:35:09,272[0m - [33mWARNING[0m - [37m[MainThread] UM.Qt.QtApplication.__onQmlWarning [449]: file:///home/daniel/.local/share/cura/5.13/plugins/PauseBackendPlugin/PauseBackendPlugin/PauseBackend5x.qml:60: TypeError: Cannot read property 'ContentAlignment' of undefined[0m
[35m2026-09-30 14:35:09,281[0m - [36mDEBUG[0m - [37m[MainThread] CustomJobPrefix.CustomJobPrefix._createAdditionalComponentsView [49]: Creating additional ui components for CustomJobPrefix[0m
[35m2026-09-30 14:35:09,287[0m - [36mDEBUG[0m - [37m[MainThread] UM.Mesh.MeshData.calculateNormalsFromVertices [675]: Calculating normals took 0.0001423358917236328 seconds[0m
[35m2026-09-30 14:35:09,287[0m - [36mDEBUG[0m - [37m[MainThread] STLReader.STLReader._read [68]: Loaded a mesh with 2544 vertices[0m
[35m2026-09-30 14:35:09,303[0m - [36mDEBUG[0m - [37m[MainThread] UM.Mesh.MeshData.calculateNormalsFromIndexedVertices [700]: Calculating normals took 0.007847070693969727 seconds[0m
[35m2026-09-30 14:35:09,304[0m - [36mDEBUG[0m - [37m[MainThread] UM.Controller.setActiveStage [222]: Setting active stage to PrepareStage[0m
[35m2026-09-30 14:35:09,339[0m - [36mDEBUG[0m - [37m[MainThread] cura.Machines.Models.NozzleModel._update [28]: Updating NozzleModel.[0m
[35m2026-09-30 14:35:09,378[0m - [36mDEBUG[0m - [37m[MainThread] UM.Controller._updateActiveView [150]: Setting active view to SolidView[0m
[35m2026-09-30 14:35:09,380[0m - [36mDEBUG[0m - [37m[MainThread] ModelChecker.ModelChecker._createView [118]: Creating model checker view.[0m
[35m2026-09-30 14:35:09,383[0m - [36mDEBUG[0m - [37m[MainThread] ModelChecker.ModelChecker._createView [127]: Model checker view created.[0m
[35m2026-09-30 14:35:09,384[0m - [36mDEBUG[0m - [37m[MainThread] SliceInfoPlugin.SliceInfo._createDialog [88]: Creating dialog [MoreInfoWindow.qml][0m
[35m2026-09-30 14:35:10,886[0m - [36mDEBUG[0m - [37m[MainThread] cura.CuraApplication.run [947]: Booting Cura took 6.248618841171265 seconds[0m
[35m2026-09-30 14:35:10,887[0m - [36mDEBUG[0m - [37m[JobQueueWorker [2]] cura.Machines.ContainerTree.run [174]: Started background loading of MachineNodes[0m
[35m2026-09-30 14:35:10,913[0m - [36mDEBUG[0m - [37m[MainThread] cura.Machines.MachineErrorChecker._rescheduleCheck [165]: New error check scheduled.[0m
[35m2026-09-30 14:35:10,929[0m - [36mDEBUG[0m - [37m[MainThread] cura.Machines.Models.IntentSelectionModel._update [74]: Updating IntentSelectionModel.[0m
[35m2026-09-30 14:35:10,929[0m - [32mINFO[0m - [37m[JobQueueWorker [1]] SettingsGuide2.CuraSettingsGuide.load_all [181]: Finished loading Settings Guide articles.[0m
[35m2026-09-30 14:35:10,940[0m - [36mDEBUG[0m - [37m[MainThread] cura.Machines.Models.CustomQualityProfilesDropDownMenuModel._update [33]: Updating CustomQualityProfilesDropDownMenuModel.[0m
[35m2026-09-30 14:35:10,958[0m - [36mDEBUG[0m - [37m[MainThread] cura.Machines.Models.IntentSelectionModel._update [74]: Updating IntentSelectionModel.[0m
[35m2026-09-30 14:35:10,958[0m - [36mDEBUG[0m - [37m[MainThread] cura.Machines.Models.IntentSelectionModel._update [74]: Updating IntentSelectionModel.[0m
[35m2026-09-30 14:35:10,960[0m - [36mDEBUG[0m - [37m[MainThread] cura.Machines.Models.IntentSelectionModel._update [74]: Updating IntentSelectionModel.[0m
[35m2026-09-30 14:35:10,966[0m - [33mWARNING[0m - [37m[MainThread] UM.Qt.QtApplication.__onQmlWarning [449]: file:///tmp/.mount_curaMKMEln/share/cura/resources/qml/Account/UserOperations.qml:67:17: Unable to assign [undefined] to QString[0m
[35m2026-09-30 14:35:10,968[0m - [36mDEBUG[0m - [37m[MainThread] cura.API.Account._sync [251]: Starting a new sync while previous sync was not completed[0m
[35m2026-09-30 14:35:10,968[0m - [36mDEBUG[0m - [37m[MainThread] cura.OAuth2.AuthorizationService.callback [297]: Auth data was successfully loaded[0m
[35m2026-09-30 14:35:11,065[0m - [36mDEBUG[0m - [37m[MainThread] cura.Machines.Models.CustomQualityProfilesDropDownMenuModel._update [33]: Updating CustomQualityProfilesDropDownMenuModel.[0m
[35m2026-09-30 14:35:11,334[0m - [33mWARNING[0m - [37m[MainThread] UM.Qt.QtApplication.__onQmlWarning [449]: file:///tmp/.mount_curaMKMEln/share/cura/resources/qml/PrintSetupSelector/PrintSetupSelector.qml:28:17: QML PrintSetupSelectorHeader: Layout polish loop detected for PrintSetupSelectorHeader_QMLTYPE_52(0x40355fe0, parent=0x3f135060, geometry=0,0 442x26). Aborting after two iterations.[0m
[35m2026-09-30 14:35:11,359[0m - [36mDEBUG[0m - [37m[MainThread] UM.View.GL.OpenGL.__init__ [121]: Initialized OpenGL subsystems.[0m
[35m2026-09-30 14:35:11,360[0m - [36mDEBUG[0m - [37m[MainThread] UM.View.GL.OpenGL.__init__ [122]: OpenGL Version:  4.6 (Core Profile) Mesa 26.2.3-2[0m
[35m2026-09-30 14:35:11,360[0m - [36mDEBUG[0m - [37m[MainThread] UM.View.GL.OpenGL.__init__ [123]: OpenGL Vendor:   AMD[0m
[35m2026-09-30 14:35:11,360[0m - [36mDEBUG[0m - [37m[MainThread] UM.View.GL.OpenGL.__init__ [124]: OpenGL Renderer: AMD Radeon Graphics (radeonsi, renoir, ACO, DRM 3.64, 7.2.8-polaris-v1)[0m
[35m2026-09-30 14:35:11,360[0m - [36mDEBUG[0m - [37m[MainThread] UM.View.GL.OpenGL.__init__ [125]: GLSL Version:    4.60.0[0m
[35m2026-09-30 14:35:11,364[0m - [36mDEBUG[0m - [37m[MainThread] UM.Qt.QtRenderer._initialize [219]: Support for Vertex Array Objects: True[0m
[35m2026-09-30 14:35:11,365[0m - [36mDEBUG[0m - [37m[MainThread] UM.View.GL.ShaderProgram.load [62]: Loading [/tmp/.mount_curaMKMEln/share/uranium/resources/shaders/default.shader]...[0m
[35m2026-09-30 14:35:11,367[0m - [36mDEBUG[0m - [37m[MainThread] UM.View.GL.ShaderProgram.load [62]: Loading [/tmp/.mount_curaMKMEln/share/uranium/resources/shaders/selection.shader]...[0m
[35m2026-09-30 14:35:11,368[0m - [36mDEBUG[0m - [37m[MainThread] UM.View.GL.ShaderProgram.load [62]: Loading [/tmp/.mount_curaMKMEln/share/uranium/resources/shaders/select_face.shader]...[0m
[35m2026-09-30 14:35:11,369[0m - [36mDEBUG[0m - [37m[MainThread] UM.View.GL.ShaderProgram.load [62]: Loading [/tmp/.mount_curaMKMEln/share/uranium/resources/shaders/default.shader]...[0m
[35m2026-09-30 14:35:11,369[0m - [36mDEBUG[0m - [37m[MainThread] UM.View.GL.ShaderProgram.load [62]: Loading [/tmp/.mount_curaMKMEln/share/uranium/resources/shaders/selection.shader]...[0m
[35m2026-09-30 14:35:11,370[0m - [36mDEBUG[0m - [37m[MainThread] UM.View.GL.ShaderProgram.load [62]: Loading [/tmp/.mount_curaMKMEln/share/uranium/resources/shaders/select_face.shader]...[0m
[35m2026-09-30 14:35:11,370[0m - [36mDEBUG[0m - [37m[MainThread] UM.View.GL.ShaderProgram.load [62]: Loading [/tmp/.mount_curaMKMEln/share/uranium/resources/shaders/default.shader]...[0m
[35m2026-09-30 14:35:11,371[0m - [36mDEBUG[0m - [37m[MainThread] UM.View.GL.ShaderProgram.load [62]: Loading [/tmp/.mount_curaMKMEln/share/uranium/resources/shaders/composite.shader]...[0m
[35m2026-09-30 14:35:11,372[0m - [36mDEBUG[0m - [37m[MainThread] UM.View.GL.ShaderProgram.load [62]: Loading [/tmp/.mount_curaMKMEln/share/cura/resources/shaders/overhang.shader]...[0m
[35m2026-09-30 14:35:11,373[0m - [36mDEBUG[0m - [37m[MainThread] UM.View.GL.ShaderProgram.load [62]: Loading [/tmp/.mount_curaMKMEln/share/cura/resources/shaders/striped.shader]...[0m
[35m2026-09-30 14:35:11,374[0m - [36mDEBUG[0m - [37m[MainThread] UM.View.GL.ShaderProgram.load [62]: Loading [/tmp/.mount_curaMKMEln/share/cura/resources/shaders/transparent_object.shader]...[0m
[35m2026-09-30 14:35:11,375[0m - [36mDEBUG[0m - [37m[MainThread] UM.View.GL.ShaderProgram.load [62]: Loading [/tmp/.mount_curaMKMEln/share/cura/resources/shaders/striped.shader]...[0m
[35m2026-09-30 14:35:11,376[0m - [36mDEBUG[0m - [37m[MainThread] UM.View.GL.ShaderProgram.load [62]: Loading [/tmp/.mount_curaMKMEln/share/cura/resources/shaders/xray.shader]...[0m
[35m2026-09-30 14:35:11,376[0m - [36mDEBUG[0m - [37m[MainThread] UM.View.GL.ShaderProgram.load [62]: Loading [/tmp/.mount_curaMKMEln/share/cura/resources/shaders/xray_composite.shader]...[0m
[35m2026-09-30 14:35:11,377[0m - [36mDEBUG[0m - [37m[MainThread] UM.View.GL.ShaderProgram.load [62]: Loading [/tmp/.mount_curaMKMEln/share/uranium/resources/shaders/default.shader]...[0m
[35m2026-09-30 14:35:11,378[0m - [36mDEBUG[0m - [37m[MainThread] UM.View.GL.ShaderProgram.load [62]: Loading [/tmp/.mount_curaMKMEln/share/cura/resources/shaders/grid.shader]...[0m
[35m2026-09-30 14:35:11,378[0m - [36mDEBUG[0m - [37m[MainThread] UM.View.GL.ShaderProgram.load [62]: Loading [/tmp/.mount_curaMKMEln/share/uranium/resources/shaders/platform.shader]...[0m
[35m2026-09-30 14:35:11,379[0m - [33mWARNING[0m - [37m[MainThread] UM.View.RenderBatch.addItem [166]: Tried to add an item to batch without mesh[0m
[35m2026-09-30 14:35:11,380[0m - [36mDEBUG[0m - [37m[MainThread] UM.View.GL.ShaderProgram.load [62]: Loading [/tmp/.mount_curaMKMEln/share/cura/resources/shaders/xray.shader]...[0m
[35m2026-09-30 14:35:11,390[0m - [36mDEBUG[0m - [37m[JobQueueWorker [2]] cura.Machines.ContainerTree.run [183]: All MachineNode loading completed[0m
[35m2026-09-30 14:35:11,393[0m - [33mWARNING[0m - [37m[MainThread] UM.Qt.Bindings.Theme.getIcon [154]: The icon 'category_machine' is deprecated. Please use icon 'Printer' instead.[0m
UM/Qt/QtApplication.py:421: DeprecationWarning: The icon 'category_machine' is deprecated. Please use icon 'Printer' instead.
  super().exec(*args, **kwargs)
[35m2026-09-30 14:35:11,396[0m - [33mWARNING[0m - [37m[MainThread] UM.Qt.QtApplication.__onQmlWarning [449]: file:///tmp/.mount_curaMKMEln/share/cura/resources/qml/Settings/SettingView.qml:329:13: QML Connections: Detected function "onSetScrollPositionChangeLoseFocus" in Connections element. This is probably intended to be a signal handler but no signal of the target matches the name.[0m
[35m2026-09-30 14:35:11,397[0m - [33mWARNING[0m - [37m[MainThread] UM.Qt.QtApplication.__onQmlWarning [449]: file:///tmp/.mount_curaMKMEln/share/cura/resources/qml/Settings/SettingView.qml:329:13: QML Connections: Detected function "onSetScrollPositionChangeLoseFocus" in Connections element. This is probably intended to be a signal handler but no signal of the target matches the name.[0m
[35m2026-09-30 14:35:11,399[0m - [33mWARNING[0m - [37m[MainThread] UM.Qt.QtApplication.__onQmlWarning [449]: file:///tmp/.mount_curaMKMEln/share/cura/resources/qml/Settings/SettingView.qml:329:13: QML Connections: Detected function "onSetScrollPositionChangeLoseFocus" in Connections element. This is probably intended to be a signal handler but no signal of the target matches the name.[0m
[35m2026-09-30 14:35:11,401[0m - [33mWARNING[0m - [37m[MainThread] UM.Qt.QtApplication.__onQmlWarning [449]: file:///tmp/.mount_curaMKMEln/share/cura/resources/qml/Settings/SettingView.qml:329:13: QML Connections: Detected function "onSetScrollPositionChangeLoseFocus" in Connections element. This is probably intended to be a signal handler but no signal of the target matches the name.[0m
[35m2026-09-30 14:35:11,402[0m - [33mWARNING[0m - [37m[MainThread] UM.Qt.QtApplication.__onQmlWarning [449]: file:///tmp/.mount_curaMKMEln/share/cura/resources/qml/Settings/SettingView.qml:329:13: QML Connections: Detected function "onSetScrollPositionChangeLoseFocus" in Connections element. This is probably intended to be a signal handler but no signal of the target matches the name.[0m
[35m2026-09-30 14:35:11,897[0m - [33mWARNING[0m - [37m[MainThread] UM.Qt.QtApplication.__onQmlWarning [449]: file:///tmp/.mount_curaMKMEln/share/cura/resources/qml/Settings/SettingView.qml:329:13: QML Connections: Detected function "onSetScrollPositionChangeLoseFocus" in Connections element. This is probably intended to be a signal handler but no signal of the target matches the name.[0m
[35m2026-09-30 14:35:11,899[0m - [33mWARNING[0m - [37m[MainThread] UM.Qt.QtApplication.__onQmlWarning [449]: file:///tmp/.mount_curaMKMEln/share/cura/resources/qml/Settings/SettingView.qml:329:13: QML Connections: Detected function "onSetScrollPositionChangeLoseFocus" in Connections element. This is probably intended to be a signal handler but no signal of the target matches the name.[0m
[35m2026-09-30 14:35:12,129[0m - [36mDEBUG[0m - [37m[MainThread] UM3NetworkPrinting.src.Cloud.CloudOutputDeviceManager._onGetRemoteClustersFinished [170]: Synced cloud printers with account.[0m
[35m2026-09-30 14:35:12,258[0m - [33mWARNING[0m - [37m[MainThread] UM.Qt.QtApplication.__onQmlWarning [449]: file:///tmp/.mount_curaMKMEln/share/cura/resources/qml/Settings/SettingView.qml:329:13: QML Connections: Detected function "onSetScrollPositionChangeLoseFocus" in Connections element. This is probably intended to be a signal handler but no signal of the target matches the name.[0m
[35m2026-09-30 14:35:12,260[0m - [33mWARNING[0m - [37m[MainThread] UM.Qt.QtApplication.__onQmlWarning [449]: file:///tmp/.mount_curaMKMEln/share/cura/resources/qml/Settings/SettingView.qml:329:13: QML Connections: Detected function "onSetScrollPositionChangeLoseFocus" in Connections element. This is probably intended to be a signal handler but no signal of the target matches the name.[0m
[35m2026-09-30 14:35:12,262[0m - [33mWARNING[0m - [37m[MainThread] UM.Qt.QtApplication.__onQmlWarning [449]: file:///tmp/.mount_curaMKMEln/share/cura/resources/qml/Settings/SettingView.qml:329:13: QML Connections: Detected function "onSetScrollPositionChangeLoseFocus" in Connections element. This is probably intended to be a signal handler but no signal of the target matches the name.[0m
[35m2026-09-30 14:35:12,478[0m - [33mWARNING[0m - [37m[MainThread] UM.Qt.QtApplication.__onQmlWarning [449]: file:///tmp/.mount_curaMKMEln/share/cura/resources/qml/Settings/SettingView.qml:329:13: QML Connections: Detected function "onSetScrollPositionChangeLoseFocus" in Connections element. This is probably intended to be a signal handler but no signal of the target matches the name.[0m
[35m2026-09-30 14:35:12,660[0m - [33mWARNING[0m - [37m[MainThread] UM.Qt.QtApplication.__onQmlWarning [449]: file:///tmp/.mount_curaMKMEln/share/cura/resources/qml/Settings/SettingView.qml:329:13: QML Connections: Detected function "onSetScrollPositionChangeLoseFocus" in Connections element. This is probably intended to be a signal handler but no signal of the target matches the name.[0m
[35m2026-09-30 14:35:12,757[0m - [33mWARNING[0m - [37m[MainThread] UM.Qt.QtApplication.__onQmlWarning [449]: file:///tmp/.mount_curaMKMEln/share/cura/resources/qml/Settings/SettingView.qml:329:13: QML Connections: Detected function "onSetScrollPositionChangeLoseFocus" in Connections element. This is probably intended to be a signal handler but no signal of the target matches the name.[0m
[35m2026-09-30 14:35:12,877[0m - [33mWARNING[0m - [37m[MainThread] UM.Qt.QtApplication.__onQmlWarning [449]: file:///tmp/.mount_curaMKMEln/share/cura/resources/qml/Settings/SettingView.qml:329:13: QML Connections: Detected function "onSetScrollPositionChangeLoseFocus" in Connections element. This is probably intended to be a signal handler but no signal of the target matches the name.[0m
[35m2026-09-30 14:35:12,954[0m - [33mWARNING[0m - [37m[MainThread] UM.Qt.QtApplication.__onQmlWarning [449]: file:///tmp/.mount_curaMKMEln/share/cura/resources/qml/Settings/SettingView.qml:329:13: QML Connections: Detected function "onSetScrollPositionChangeLoseFocus" in Connections element. This is probably intended to be a signal handler but no signal of the target matches the name.[0m
[35m2026-09-30 14:35:13,002[0m - [33mWARNING[0m - [37m[MainThread] UM.Qt.QtApplication.__onQmlWarning [449]: file:///tmp/.mount_curaMKMEln/share/cura/resources/qml/Settings/SettingView.qml:329:13: QML Connections: Detected function "onSetScrollPositionChangeLoseFocus" in Connections element. This is probably intended to be a signal handler but no signal of the target matches the name.[0m
[35m2026-09-30 14:35:13,174[0m - [32mINFO[0m - [37m[MainThread] cura.Machines.MachineErrorChecker._setResult [221]: Error check finished, result = False, time = 2.26s[0m
[35m2026-09-30 14:35:22,103[0m - [33mWARNING[0m - [37m[MainThread] LocalContainerProvider.LocalContainerProvider.saveContainer [141]: Dirty container [None] is not saved because the resource type is unknown in ContainerRegistry[0m
[35m2026-09-30 14:35:22,109[0m - [36mDEBUG[0m - [37m[MainThread] cura.AutoSave._onTimeout [64]: Autosaving preferences, instances and profiles took 0.0068645477294921875 seconds[0m
[35m2026-09-30 14:35:26,721[0m - [33mWARNING[0m - [37m[MainThread] UM.Qt.Bindings.Theme.getColor [120]: No color primary_text_hover defined in Theme[0m
[35m2026-09-30 14:36:12,976[0m - [36mDEBUG[0m - [37m[MainThread] UM3NetworkPrinting.src.Cloud.CloudOutputDeviceManager._onGetRemoteClustersFinished [170]: Synced cloud printers with account.[0m
[35m2026-09-30 14:36:43,742[0m - [33mWARNING[0m - [37m[MainThread] UM.View.RenderBatch.addItem [166]: Tried to add an item to batch without mesh[0m
[35m2026-09-30 14:36:43,757[0m - [33mWARNING[0m - [37m[MainThread] UM.View.RenderBatch.addItem [166]: Tried to add an item to batch without mesh[0m
[35m2026-09-30 14:36:43,764[0m - [33mWARNING[0m - [37m[MainThread] UM.View.RenderBatch.addItem [166]: Tried to add an item to batch without mesh[0m
[35m2026-09-30 14:36:43,778[0m - [33mWARNING[0m - [37m[MainThread] UM.View.RenderBatch.addItem [166]: Tried to add an item to batch without mesh[0m
[35m2026-09-30 14:36:43,795[0m - [33mWARNING[0m - [37m[MainThread] UM.View.RenderBatch.addItem [166]: Tried to add an item to batch without mesh[0m
[35m2026-09-30 14:36:43,812[0m - [33mWARNING[0m - [37m[MainThread] UM.View.RenderBatch.addItem [166]: Tried to add an item to batch without mesh[0m
[35m2026-09-30 14:36:43,828[0m - [33mWARNING[0m - [37m[MainThread] UM.View.RenderBatch.addItem [166]: Tried to add an item to batch without mesh[0m
[35m2026-09-30 14:36:43,845[0m - [33mWARNING[0m - [37m[MainThread] UM.View.RenderBatch.addItem [166]: Tried to add an item to batch without mesh[0m
[35m2026-09-30 14:36:43,861[0m - [33mWARNING[0m - [37m[MainThread] UM.View.RenderBatch.addItem [166]: Tried to add an item to batch without mesh[0m
[35m2026-09-30 14:36:43,878[0m - [33mWARNING[0m - [37m[MainThread] UM.View.RenderBatch.addItem [166]: Tried to add an item to batch without mesh[0m
[35m2026-09-30 14:36:43,895[0m - [33mWARNING[0m - [37m[MainThread] UM.View.RenderBatch.addItem [166]: Tried to add an item to batch without mesh[0m
[35m2026-09-30 14:36:43,911[0m - [33mWARNING[0m - [37m[MainThread] UM.View.RenderBatch.addItem [166]: Tried to add an item to batch without mesh[0m
[35m2026-09-30 14:36:43,928[0m - [33mWARNING[0m - [37m[MainThread] UM.View.RenderBatch.addItem [166]: Tried to add an item to batch without mesh[0m
[35m2026-09-30 14:36:43,945[0m - [33mWARNING[0m - [37m[MainThread] UM.View.RenderBatch.addItem [166]: Tried to add an item to batch without mesh[0m
[35m2026-09-30 14:36:43,961[0m - [33mWARNING[0m - [37m[MainThread] UM.View.RenderBatch.addItem [166]: Tried to add an item to batch without mesh[0m
[35m2026-09-30 14:36:43,978[0m - [33mWARNING[0m - [37m[MainThread] UM.View.RenderBatch.addItem [166]: Tried to add an item to batch without mesh[0m
[35m2026-09-30 14:36:43,995[0m - [33mWARNING[0m - [37m[MainThread] UM.View.RenderBatch.addItem [166]: Tried to add an item to batch without mesh[0m
[35m2026-09-30 14:36:44,011[0m - [33mWARNING[0m - [37m[MainThread] UM.View.RenderBatch.addItem [166]: Tried to add an item to batch without mesh[0m
[35m2026-09-30 14:36:44,028[0m - [33mWARNING[0m - [37m[MainThread] UM.View.RenderBatch.addItem [166]: Tried to add an item to batch without mesh[0m
[35m2026-09-30 14:36:44,044[0m - [33mWARNING[0m - [37m[MainThread] UM.View.RenderBatch.addItem [166]: Tried to add an item to batch without mesh[0m
[35m2026-09-30 14:36:44,061[0m - [33mWARNING[0m - [37m[MainThread] UM.View.RenderBatch.addItem [166]: Tried to add an item to batch without mesh[0m
[35m2026-09-30 14:36:44,079[0m - [33mWARNING[0m - [37m[MainThread] UM.View.RenderBatch.addItem [166]: Tried to add an item to batch without mesh[0m
[35m2026-09-30 14:36:44,095[0m - [33mWARNING[0m - [37m[MainThread] UM.View.RenderBatch.addItem [166]: Tried to add an item to batch without mesh[0m
[35m2026-09-30 14:36:44,111[0m - [33mWARNING[0m - [37m[MainThread] UM.View.RenderBatch.addItem [166]: Tried to add an item to batch without mesh[0m
[35m2026-09-30 14:36:44,128[0m - [33mWARNING[0m - [37m[MainThread] UM.View.RenderBatch.addItem [166]: Tried to add an item to batch without mesh[0m
[35m2026-09-30 14:36:44,144[0m - [33mWARNING[0m - [37m[MainThread] UM.View.RenderBatch.addItem [166]: Tried to add an item to batch without mesh[0m
[35m2026-09-30 14:36:44,161[0m - [33mWARNING[0m - [37m[MainThread] UM.View.RenderBatch.addItem [166]: Tried to add an item to batch without mesh[0m
[35m2026-09-30 14:36:44,178[0m - [33mWARNING[0m - [37m[MainThread] UM.View.RenderBatch.addItem [166]: Tried to add an item to batch without mesh[0m
[35m2026-09-30 14:36:44,194[0m - [33mWARNING[0m - [37m[MainThread] UM.View.RenderBatch.addItem [166]: Tried to add an item to batch without mesh[0m
[35m2026-09-30 14:36:44,211[0m - [33mWARNING[0m - [37m[MainThread] UM.View.RenderBatch.addItem [166]: Tried to add an item to batch without mesh[0m
[35m2026-09-30 14:36:44,292[0m - [33mWARNING[0m - [37m[MainThread] UM.View.RenderBatch.addItem [166]: Tried to add an item to batch without mesh[0m
[35m2026-09-30 14:36:44,300[0m - [33mWARNING[0m - [37m[MainThread] UM.View.RenderBatch.addItem [166]: Tried to add an item to batch without mesh[0m
[35m2026-09-30 14:36:44,311[0m - [33mWARNING[0m - [37m[MainThread] UM.View.RenderBatch.addItem [166]: Tried to add an item to batch without mesh[0m
[35m2026-09-30 14:36:44,328[0m - [33mWARNING[0m - [37m[MainThread] UM.View.RenderBatch.addItem [166]: Tried to add an item to batch without mesh[0m
[35m2026-09-30 14:36:44,344[0m - [33mWARNING[0m - [37m[MainThread] UM.View.RenderBatch.addItem [166]: Tried to add an item to batch without mesh[0m
[35m2026-09-30 14:36:44,361[0m - [33mWARNING[0m - [37m[MainThread] UM.View.RenderBatch.addItem [166]: Tried to add an item to batch without mesh[0m
[35m2026-09-30 14:36:44,378[0m - [33mWARNING[0m - [37m[MainThread] UM.View.RenderBatch.addItem [166]: Tried to add an item to batch without mesh[0m
[35m2026-09-30 14:36:44,394[0m - [33mWARNING[0m - [37m[MainThread] UM.View.RenderBatch.addItem [166]: Tried to add an item to batch without mesh[0m
[35m2026-09-30 14:36:44,411[0m - [33mWARNING[0m - [37m[MainThread] UM.View.RenderBatch.addItem [166]: Tried to add an item to batch without mesh[0m
[35m2026-09-30 14:36:44,427[0m - [33mWARNING[0m - [37m[MainThread] UM.View.RenderBatch.addItem [166]: Tried to add an item to batch without mesh[0m
[35m2026-09-30 14:36:44,444[0m - [33mWARNING[0m - [37m[MainThread] UM.View.RenderBatch.addItem [166]: Tried to add an item to batch without mesh[0m
[35m2026-09-30 14:36:44,461[0m - [33mWARNING[0m - [37m[MainThread] UM.View.RenderBatch.addItem [166]: Tried to add an item to batch without mesh[0m
[35m2026-09-30 14:36:44,478[0m - [33mWARNING[0m - [37m[MainThread] UM.View.RenderBatch.addItem [166]: Tried to add an item to batch without mesh[0m
[35m2026-09-30 14:36:44,593[0m - [33mWARNING[0m - [37m[MainThread] UM.View.RenderBatch.addItem [166]: Tried to add an item to batch without mesh[0m
[35m2026-09-30 14:36:44,612[0m - [33mWARNING[0m - [37m[MainThread] UM.View.RenderBatch.addItem [166]: Tried to add an item to batch without mesh[0m
[35m2026-09-30 14:36:44,620[0m - [33mWARNING[0m - [37m[MainThread] UM.View.RenderBatch.addItem [166]: Tried to add an item to batch without mesh[0m
[35m2026-09-30 14:36:44,629[0m - [33mWARNING[0m - [37m[MainThread] UM.View.RenderBatch.addItem [166]: Tried to add an item to batch without mesh[0m
[35m2026-09-30 14:36:45,559[0m - [33mWARNING[0m - [37m[MainThread] UM.Qt.QtApplication.__onQmlWarning [449]: file:///tmp/.mount_curaMKMEln/share/cura/resources/qml/PrintSetupSelector/ProfileWarningReset.qml:16:5: QML ProfileWarningReset: Binding loop detected for property "width"[0m
[35m2026-09-30 14:36:45,559[0m - [33mWARNING[0m - [37m[MainThread] UM.Qt.QtApplication.__onQmlWarning [449]: file:///tmp/.mount_curaMKMEln/share/cura/resources/qml/PrintSetupSelector/ProfileWarningReset.qml:16:5: QML ProfileWarningReset: Binding loop detected for property "width"[0m
[35m2026-09-30 14:36:45,559[0m - [33mWARNING[0m - [37m[MainThread] UM.Qt.QtApplication.__onQmlWarning [449]: file:///tmp/.mount_curaMKMEln/share/cura/resources/qml/PrintSetupSelector/ProfileWarningReset.qml:16:5: QML ProfileWarningReset: Binding loop detected for property "width"[0m
[35m2026-09-30 14:36:45,559[0m - [33mWARNING[0m - [37m[MainThread] UM.Qt.QtApplication.__onQmlWarning [449]: file:///tmp/.mount_curaMKMEln/share/cura/resources/qml/PrintSetupSelector/ProfileWarningReset.qml:16:5: QML ProfileWarningReset: Binding loop detected for property "width"[0m
[35m2026-09-30 14:36:55,108[0m - [36mDEBUG[0m - [37m[MainThread] cura.AutoSave._onTimeout [64]: Autosaving preferences, instances and profiles took 0.005780458450317383 seconds[0m
[35m2026-09-30 14:37:14,724[0m - [36mDEBUG[0m - [37m[MainThread] UM3NetworkPrinting.src.Cloud.CloudOutputDeviceManager._onGetRemoteClustersFinished [170]: Synced cloud printers with account.[0m
[35m2026-09-30 14:37:40,029[0m - [33mWARNING[0m - [37m[MainThread] UM.View.RenderBatch.addItem [166]: Tried to add an item to batch without mesh[0m
[35m2026-09-30 14:37:40,043[0m - [33mWARNING[0m - [37m[MainThread] UM.View.RenderBatch.addItem [166]: Tried to add an item to batch without mesh[0m
[35m2026-09-30 14:37:40,060[0m - [33mWARNING[0m - [37m[MainThread] UM.View.RenderBatch.addItem [166]: Tried to add an item to batch without mesh[0m
[35m2026-09-30 14:37:40,077[0m - [33mWARNING[0m - [37m[MainThread] UM.View.RenderBatch.addItem [166]: Tried to add an item to batch without mesh[0m
[35m2026-09-30 14:37:40,094[0m - [33mWARNING[0m - [37m[MainThread] UM.View.RenderBatch.addItem [166]: Tried to add an item to batch without mesh[0m
[35m2026-09-30 14:37:40,110[0m - [33mWARNING[0m - [37m[MainThread] UM.View.RenderBatch.addItem [166]: Tried to add an item to batch without mesh[0m
[35m2026-09-30 14:37:40,126[0m - [33mWARNING[0m - [37m[MainThread] UM.View.RenderBatch.addItem [166]: Tried to add an item to batch without mesh[0m
[35m2026-09-30 14:37:40,143[0m - [33mWARNING[0m - [37m[MainThread] UM.View.RenderBatch.addItem [166]: Tried to add an item to batch without mesh[0m
[35m2026-09-30 14:37:40,160[0m - [33mWARNING[0m - [37m[MainThread] UM.View.RenderBatch.addItem [166]: Tried to add an item to batch without mesh[0m
[35m2026-09-30 14:37:40,176[0m - [33mWARNING[0m - [37m[MainThread] UM.View.RenderBatch.addItem [166]: Tried to add an item to batch without mesh[0m
[35m2026-09-30 14:37:40,193[0m - [33mWARNING[0m - [37m[MainThread] UM.View.RenderBatch.addItem [166]: Tried to add an item to batch without mesh[0m
[35m2026-09-30 14:37:40,210[0m - [33mWARNING[0m - [37m[MainThread] UM.View.RenderBatch.addItem [166]: Tried to add an item to batch without mesh[0m
[35m2026-09-30 14:37:40,229[0m - [33mWARNING[0m - [37m[MainThread] UM.View.RenderBatch.addItem [166]: Tried to add an item to batch without mesh[0m
[35m2026-09-30 14:37:40,287[0m - [33mWARNING[0m - [37m[MainThread] UM.View.RenderBatch.addItem [166]: Tried to add an item to batch without mesh[0m
[35m2026-09-30 14:37:40,296[0m - [33mWARNING[0m - [37m[MainThread] UM.View.RenderBatch.addItem [166]: Tried to add an item to batch without mesh[0m
[35m2026-09-30 14:37:40,310[0m - [33mWARNING[0m - [37m[MainThread] UM.View.RenderBatch.addItem [166]: Tried to add an item to batch without mesh[0m
[35m2026-09-30 14:37:40,326[0m - [33mWARNING[0m - [37m[MainThread] UM.View.RenderBatch.addItem [166]: Tried to add an item to batch without mesh[0m
[35m2026-09-30 14:37:40,342[0m - [33mWARNING[0m - [37m[MainThread] UM.View.RenderBatch.addItem [166]: Tried to add an item to batch without mesh[0m
[35m2026-09-30 14:37:40,360[0m - [33mWARNING[0m - [37m[MainThread] UM.View.RenderBatch.addItem [166]: Tried to add an item to batch without mesh[0m
[35m2026-09-30 14:37:40,376[0m - [33mWARNING[0m - [37m[MainThread] UM.View.RenderBatch.addItem [166]: Tried to add an item to batch without mesh[0m
[35m2026-09-30 14:37:40,393[0m - [33mWARNING[0m - [37m[MainThread] UM.View.RenderBatch.addItem [166]: Tried to add an item to batch without mesh[0m
[35m2026-09-30 14:37:40,410[0m - [33mWARNING[0m - [37m[MainThread] UM.View.RenderBatch.addItem [166]: Tried to add an item to batch without mesh[0m
[35m2026-09-30 14:37:40,426[0m - [33mWARNING[0m - [37m[MainThread] UM.View.RenderBatch.addItem [166]: Tried to add an item to batch without mesh[0m
[35m2026-09-30 14:37:40,443[0m - [33mWARNING[0m - [37m[MainThread] UM.View.RenderBatch.addItem [166]: Tried to add an item to batch without mesh[0m
[35m2026-09-30 14:37:40,460[0m - [33mWARNING[0m - [37m[MainThread] UM.View.RenderBatch.addItem [166]: Tried to add an item to batch without mesh[0m
[35m2026-09-30 14:37:40,476[0m - [33mWARNING[0m - [37m[MainThread] UM.View.RenderBatch.addItem [166]: Tried to add an item to batch without mesh[0m
[35m2026-09-30 14:37:40,493[0m - [33mWARNING[0m - [37m[MainThread] UM.View.RenderBatch.addItem [166]: Tried to add an item to batch without mesh[0m
[35m2026-09-30 14:37:40,510[0m - [33mWARNING[0m - [37m[MainThread] UM.View.RenderBatch.addItem [166]: Tried to add an item to batch without mesh[0m
[35m2026-09-30 14:37:40,526[0m - [33mWARNING[0m - [37m[MainThread] UM.View.RenderBatch.addItem [166]: Tried to add an item to batch without mesh[0m
[35m2026-09-30 14:37:40,543[0m - [33mWARNING[0m - [37m[MainThread] UM.View.RenderBatch.addItem [166]: Tried to add an item to batch without mesh[0m
[35m2026-09-30 14:37:40,559[0m - [33mWARNING[0m - [37m[MainThread] UM.View.RenderBatch.addItem [166]: Tried to add an item to batch without mesh[0m
[35m2026-09-30 14:37:40,610[0m - [33mWARNING[0m - [37m[MainThread] UM.View.RenderBatch.addItem [166]: Tried to add an item to batch without mesh[0m
[35m2026-09-30 14:37:40,618[0m - [33mWARNING[0m - [37m[MainThread] UM.View.RenderBatch.addItem [166]: Tried to add an item to batch without mesh[0m
[35m2026-09-30 14:37:40,626[0m - [33mWARNING[0m - [37m[MainThread] UM.View.RenderBatch.addItem [166]: Tried to add an item to batch without mesh[0m
[35m2026-09-30 14:37:40,643[0m - [33mWARNING[0m - [37m[MainThread] UM.View.RenderBatch.addItem [166]: Tried to add an item to batch without mesh[0m
[35m2026-09-30 14:37:40,660[0m - [33mWARNING[0m - [37m[MainThread] UM.View.RenderBatch.addItem [166]: Tried to add an item to batch without mesh[0m
[35m2026-09-30 14:37:40,676[0m - [33mWARNING[0m - [37m[MainThread] UM.View.RenderBatch.addItem [166]: Tried to add an item to batch without mesh[0m
[35m2026-09-30 14:37:40,692[0m - [33mWARNING[0m - [37m[MainThread] UM.View.RenderBatch.addItem [166]: Tried to add an item to batch without mesh[0m
[35m2026-09-30 14:37:40,709[0m - [33mWARNING[0m - [37m[MainThread] UM.View.RenderBatch.addItem [166]: Tried to add an item to batch without mesh[0m
[35m2026-09-30 14:37:40,727[0m - [33mWARNING[0m - [37m[MainThread] UM.View.RenderBatch.addItem [166]: Tried to add an item to batch without mesh[0m
[35m2026-09-30 14:37:40,743[0m - [33mWARNING[0m - [37m[MainThread] UM.View.RenderBatch.addItem [166]: Tried to add an item to batch without mesh[0m
[35m2026-09-30 14:37:40,760[0m - [33mWARNING[0m - [37m[MainThread] UM.View.RenderBatch.addItem [166]: Tried to add an item to batch without mesh[0m
[35m2026-09-30 14:37:40,776[0m - [33mWARNING[0m - [37m[MainThread] UM.View.RenderBatch.addItem [166]: Tried to add an item to batch without mesh[0m
[35m2026-09-30 14:37:41,880[0m - [33mWARNING[0m - [37m[MainThread] UM.View.RenderBatch.addItem [166]: Tried to add an item to batch without mesh[0m
[35m2026-09-30 14:37:41,890[0m - [33mWARNING[0m - [37m[MainThread] UM.View.RenderBatch.addItem [166]: Tried to add an item to batch without mesh[0m
[35m2026-09-30 14:37:41,898[0m - [33mWARNING[0m - [37m[MainThread] UM.View.RenderBatch.addItem [166]: Tried to add an item to batch without mesh[0m
[35m2026-09-30 14:37:41,909[0m - [33mWARNING[0m - [37m[MainThread] UM.View.RenderBatch.addItem [166]: Tried to add an item to batch without mesh[0m
[35m2026-09-30 14:37:41,926[0m - [33mWARNING[0m - [37m[MainThread] UM.View.RenderBatch.addItem [166]: Tried to add an item to batch without mesh[0m
[35m2026-09-30 14:37:41,943[0m - [33mWARNING[0m - [37m[MainThread] UM.View.RenderBatch.addItem [166]: Tried to add an item to batch without mesh[0m
[35m2026-09-30 14:37:41,959[0m - [33mWARNING[0m - [37m[MainThread] UM.View.RenderBatch.addItem [166]: Tried to add an item to batch without mesh[0m
[35m2026-09-30 14:37:41,976[0m - [33mWARNING[0m - [37m[MainThread] UM.View.RenderBatch.addItem [166]: Tried to add an item to batch without mesh[0m
[35m2026-09-30 14:37:41,992[0m - [33mWARNING[0m - [37m[MainThread] UM.View.RenderBatch.addItem [166]: Tried to add an item to batch without mesh[0m
[35m2026-09-30 14:37:42,009[0m - [33mWARNING[0m - [37m[MainThread] UM.View.RenderBatch.addItem [166]: Tried to add an item to batch without mesh[0m
[35m2026-09-30 14:37:42,025[0m - [33mWARNING[0m - [37m[MainThread] UM.View.RenderBatch.addItem [166]: Tried to add an item to batch without mesh[0m
[35m2026-09-30 14:37:42,042[0m - [33mWARNING[0m - [37m[MainThread] UM.View.RenderBatch.addItem [166]: Tried to add an item to batch without mesh[0m
[35m2026-09-30 14:37:42,059[0m - [33mWARNING[0m - [37m[MainThread] UM.View.RenderBatch.addItem [166]: Tried to add an item to batch without mesh[0m
[35m2026-09-30 14:37:42,076[0m - [33mWARNING[0m - [37m[MainThread] UM.View.RenderBatch.addItem [166]: Tried to add an item to batch without mesh[0m
[35m2026-09-30 14:37:42,094[0m - [33mWARNING[0m - [37m[MainThread] UM.View.RenderBatch.addItem [166]: Tried to add an item to batch without mesh[0m
[35m2026-09-30 14:37:42,109[0m - [33mWARNING[0m - [37m[MainThread] UM.View.RenderBatch.addItem [166]: Tried to add an item to batch without mesh[0m
[35m2026-09-30 14:37:42,129[0m - [33mWARNING[0m - [37m[MainThread] UM.View.RenderBatch.addItem [166]: Tried to add an item to batch without mesh[0m
[35m2026-09-30 14:37:42,149[0m - [33mWARNING[0m - [37m[MainThread] UM.View.RenderBatch.addItem [166]: Tried to add an item to batch without mesh[0m
[35m2026-09-30 14:37:42,159[0m - [33mWARNING[0m - [37m[MainThread] UM.View.RenderBatch.addItem [166]: Tried to add an item to batch without mesh[0m
[35m2026-09-30 14:37:42,176[0m - [33mWARNING[0m - [37m[MainThread] UM.View.RenderBatch.addItem [166]: Tried to add an item to batch without mesh[0m
[35m2026-09-30 14:37:42,237[0m - [33mWARNING[0m - [37m[MainThread] UM.View.RenderBatch.addItem [166]: Tried to add an item to batch without mesh[0m
[35m2026-09-30 14:37:42,248[0m - [33mWARNING[0m - [37m[MainThread] UM.View.RenderBatch.addItem [166]: Tried to add an item to batch without mesh[0m
[35m2026-09-30 14:37:42,263[0m - [33mWARNING[0m - [37m[MainThread] UM.View.RenderBatch.addItem [166]: Tried to add an item to batch without mesh[0m
[35m2026-09-30 14:37:42,275[0m - [33mWARNING[0m - [37m[MainThread] UM.View.RenderBatch.addItem [166]: Tried to add an item to batch without mesh[0m
[35m2026-09-30 14:37:42,292[0m - [33mWARNING[0m - [37m[MainThread] UM.View.RenderBatch.addItem [166]: Tried to add an item to batch without mesh[0m
[35m2026-09-30 14:37:42,309[0m - [33mWARNING[0m - [37m[MainThread] UM.View.RenderBatch.addItem [166]: Tried to add an item to batch without mesh[0m
[35m2026-09-30 14:37:42,326[0m - [33mWARNING[0m - [37m[MainThread] UM.View.RenderBatch.addItem [166]: Tried to add an item to batch without mesh[0m
[35m2026-09-30 14:37:42,342[0m - [33mWARNING[0m - [37m[MainThread] UM.View.RenderBatch.addItem [166]: Tried to add an item to batch without mesh[0m
[35m2026-09-30 14:37:42,359[0m - [33mWARNING[0m - [37m[MainThread] UM.View.RenderBatch.addItem [166]: Tried to add an item to batch without mesh[0m
[35m2026-09-30 14:37:42,376[0m - [33mWARNING[0m - [37m[MainThread] UM.View.RenderBatch.addItem [166]: Tried to add an item to batch without mesh[0m
[35m2026-09-30 14:37:42,392[0m - [33mWARNING[0m - [37m[MainThread] UM.View.RenderBatch.addItem [166]: Tried to add an item to batch without mesh[0m
[35m2026-09-30 14:37:42,409[0m - [33mWARNING[0m - [37m[MainThread] UM.View.RenderBatch.addItem [166]: Tried to add an item to batch without mesh[0m
[35m2026-09-30 14:37:42,426[0m - [33mWARNING[0m - [37m[MainThread] UM.View.RenderBatch.addItem [166]: Tried to add an item to batch without mesh[0m
[35m2026-09-30 14:37:42,493[0m - [33mWARNING[0m - [37m[MainThread] UM.View.RenderBatch.addItem [166]: Tried to add an item to batch without mesh[0m
[35m2026-09-30 14:37:42,503[0m - [33mWARNING[0m - [37m[MainThread] UM.View.RenderBatch.addItem [166]: Tried to add an item to batch without mesh[0m
[35m2026-09-30 14:37:44,037[0m - [33mWARNING[0m - [37m[MainThread] UM.View.RenderBatch.addItem [166]: Tried to add an item to batch without mesh[0m
[35m2026-09-30 14:37:44,045[0m - [33mWARNING[0m - [37m[MainThread] UM.View.RenderBatch.addItem [166]: Tried to add an item to batch without mesh[0m
[35m2026-09-30 14:37:44,058[0m - [33mWARNING[0m - [37m[MainThread] UM.View.RenderBatch.addItem [166]: Tried to add an item to batch without mesh[0m
[35m2026-09-30 14:37:44,075[0m - [33mWARNING[0m - [37m[MainThread] UM.View.RenderBatch.addItem [166]: Tried to add an item to batch without mesh[0m
[35m2026-09-30 14:37:44,092[0m - [33mWARNING[0m - [37m[MainThread] UM.View.RenderBatch.addItem [166]: Tried to add an item to batch without mesh[0m
[35m2026-09-30 14:37:44,108[0m - [33mWARNING[0m - [37m[MainThread] UM.View.RenderBatch.addItem [166]: Tried to add an item to batch without mesh[0m
[35m2026-09-30 14:37:44,125[0m - [33mWARNING[0m - [37m[MainThread] UM.View.RenderBatch.addItem [166]: Tried to add an item to batch without mesh[0m
[35m2026-09-30 14:37:44,141[0m - [33mWARNING[0m - [37m[MainThread] UM.View.RenderBatch.addItem [166]: Tried to add an item to batch without mesh[0m
[35m2026-09-30 14:37:44,158[0m - [33mWARNING[0m - [37m[MainThread] UM.View.RenderBatch.addItem [166]: Tried to add an item to batch without mesh[0m
[35m2026-09-30 14:37:44,175[0m - [33mWARNING[0m - [37m[MainThread] UM.View.RenderBatch.addItem [166]: Tried to add an item to batch without mesh[0m
[35m2026-09-30 14:37:44,191[0m - [33mWARNING[0m - [37m[MainThread] UM.View.RenderBatch.addItem [166]: Tried to add an item to batch without mesh[0m
[35m2026-09-30 14:37:44,208[0m - [33mWARNING[0m - [37m[MainThread] UM.View.RenderBatch.addItem [166]: Tried to add an item to batch without mesh[0m
[35m2026-09-30 14:37:44,224[0m - [33mWARNING[0m - [37m[MainThread] UM.View.RenderBatch.addItem [166]: Tried to add an item to batch without mesh[0m
[35m2026-09-30 14:37:44,241[0m - [33mWARNING[0m - [37m[MainThread] UM.View.RenderBatch.addItem [166]: Tried to add an item to batch without mesh[0m
[35m2026-09-30 14:37:44,258[0m - [33mWARNING[0m - [37m[MainThread] UM.View.RenderBatch.addItem [166]: Tried to add an item to batch without mesh[0m
[35m2026-09-30 14:37:44,274[0m - [33mWARNING[0m - [37m[MainThread] UM.View.RenderBatch.addItem [166]: Tried to add an item to batch without mesh[0m
[35m2026-09-30 14:37:44,291[0m - [33mWARNING[0m - [37m[MainThread] UM.View.RenderBatch.addItem [166]: Tried to add an item to batch without mesh[0m
[35m2026-09-30 14:37:44,308[0m - [33mWARNING[0m - [37m[MainThread] UM.View.RenderBatch.addItem [166]: Tried to add an item to batch without mesh[0m
[35m2026-09-30 14:37:44,325[0m - [33mWARNING[0m - [37m[MainThread] UM.View.RenderBatch.addItem [166]: Tried to add an item to batch without mesh[0m
[35m2026-09-30 14:37:44,341[0m - [33mWARNING[0m - [37m[MainThread] UM.View.RenderBatch.addItem [166]: Tried to add an item to batch without mesh[0m
[35m2026-09-30 14:37:44,358[0m - [33mWARNING[0m - [37m[MainThread] UM.View.RenderBatch.addItem [166]: Tried to add an item to batch without mesh[0m
[35m2026-09-30 14:37:44,374[0m - [33mWARNING[0m - [37m[MainThread] UM.View.RenderBatch.addItem [166]: Tried to add an item to batch without mesh[0m
[35m2026-09-30 14:37:44,391[0m - [33mWARNING[0m - [37m[MainThread] UM.View.RenderBatch.addItem [166]: Tried to add an item to batch without mesh[0m
[35m2026-09-30 14:37:44,408[0m - [33mWARNING[0m - [37m[MainThread] UM.View.RenderBatch.addItem [166]: Tried to add an item to batch without mesh[0m
[35m2026-09-30 14:37:44,424[0m - [33mWARNING[0m - [37m[MainThread] UM.View.RenderBatch.addItem [166]: Tried to add an item to batch without mesh[0m
[35m2026-09-30 14:37:44,441[0m - [33mWARNING[0m - [37m[MainThread] UM.View.RenderBatch.addItem [166]: Tried to add an item to batch without mesh[0m
[35m2026-09-30 14:37:44,458[0m - [33mWARNING[0m - [37m[MainThread] UM.View.RenderBatch.addItem [166]: Tried to add an item to batch without mesh[0m
[35m2026-09-30 14:37:44,475[0m - [33mWARNING[0m - [37m[MainThread] UM.View.RenderBatch.addItem [166]: Tried to add an item to batch without mesh[0m
[35m2026-09-30 14:37:44,491[0m - [33mWARNING[0m - [37m[MainThread] UM.View.RenderBatch.addItem [166]: Tried to add an item to batch without mesh[0m
[35m2026-09-30 14:37:44,508[0m - [33mWARNING[0m - [37m[MainThread] UM.View.RenderBatch.addItem [166]: Tried to add an item to batch without mesh[0m
[35m2026-09-30 14:37:44,524[0m - [33mWARNING[0m - [37m[MainThread] UM.View.RenderBatch.addItem [166]: Tried to add an item to batch without mesh[0m
[35m2026-09-30 14:37:44,541[0m - [33mWARNING[0m - [37m[MainThread] UM.View.RenderBatch.addItem [166]: Tried to add an item to batch without mesh[0m
[35m2026-09-30 14:37:44,558[0m - [33mWARNING[0m - [37m[MainThread] UM.View.RenderBatch.addItem [166]: Tried to add an item to batch without mesh[0m
[35m2026-09-30 14:37:44,574[0m - [33mWARNING[0m - [37m[MainThread] UM.View.RenderBatch.addItem [166]: Tried to add an item to batch without mesh[0m
[35m2026-09-30 14:37:44,682[0m - [33mWARNING[0m - [37m[MainThread] UM.View.RenderBatch.addItem [166]: Tried to add an item to batch without mesh[0m
[35m2026-09-30 14:37:44,694[0m - [33mWARNING[0m - [37m[MainThread] UM.View.RenderBatch.addItem [166]: Tried to add an item to batch without mesh[0m
[35m2026-09-30 14:37:44,702[0m - [33mWARNING[0m - [37m[MainThread] UM.View.RenderBatch.addItem [166]: Tried to add an item to batch without mesh[0m
[35m2026-09-30 14:37:44,712[0m - [33mWARNING[0m - [37m[MainThread] UM.View.RenderBatch.addItem [166]: Tried to add an item to batch without mesh[0m
[35m2026-09-30 14:37:44,724[0m - [33mWARNING[0m - [37m[MainThread] UM.View.RenderBatch.addItem [166]: Tried to add an item to batch without mesh[0m
[35m2026-09-30 14:37:44,741[0m - [33mWARNING[0m - [37m[MainThread] UM.View.RenderBatch.addItem [166]: Tried to add an item to batch without mesh[0m
[35m2026-09-30 14:37:44,757[0m - [33mWARNING[0m - [37m[MainThread] UM.View.RenderBatch.addItem [166]: Tried to add an item to batch without mesh[0m
[35m2026-09-30 14:37:44,774[0m - [33mWARNING[0m - [37m[MainThread] UM.View.RenderBatch.addItem [166]: Tried to add an item to batch without mesh[0m
[35m2026-09-30 14:37:44,791[0m - [33mWARNING[0m - [37m[MainThread] UM.View.RenderBatch.addItem [166]: Tried to add an item to batch without mesh[0m
[35m2026-09-30 14:37:44,808[0m - [33mWARNING[0m - [37m[MainThread] UM.View.RenderBatch.addItem [166]: Tried to add an item to batch without mesh[0m
[35m2026-09-30 14:37:44,824[0m - [33mWARNING[0m - [37m[MainThread] UM.View.RenderBatch.addItem [166]: Tried to add an item to batch without mesh[0m
[35m2026-09-30 14:37:44,841[0m - [33mWARNING[0m - [37m[MainThread] UM.View.RenderBatch.addItem [166]: Tried to add an item to batch without mesh[0m
[35m2026-09-30 14:37:44,858[0m - [33mWARNING[0m - [37m[MainThread] UM.View.RenderBatch.addItem [166]: Tried to add an item to batch without mesh[0m
[35m2026-09-30 14:37:44,875[0m - [33mWARNING[0m - [37m[MainThread] UM.View.RenderBatch.addItem [166]: Tried to add an item to batch without mesh[0m
[35m2026-09-30 14:37:44,891[0m - [33mWARNING[0m - [37m[MainThread] UM.View.RenderBatch.addItem [166]: Tried to add an item to batch without mesh[0m
[35m2026-09-30 14:37:44,908[0m - [33mWARNING[0m - [37m[MainThread] UM.View.RenderBatch.addItem [166]: Tried to add an item to batch without mesh[0m
[35m2026-09-30 14:37:44,924[0m - [33mWARNING[0m - [37m[MainThread] UM.View.RenderBatch.addItem [166]: Tried to add an item to batch without mesh[0m
[35m2026-09-30 14:37:44,941[0m - [33mWARNING[0m - [37m[MainThread] UM.View.RenderBatch.addItem [166]: Tried to add an item to batch without mesh[0m
[35m2026-09-30 14:37:44,958[0m - [33mWARNING[0m - [37m[MainThread] UM.View.RenderBatch.addItem [166]: Tried to add an item to batch without mesh[0m
[35m2026-09-30 14:37:44,975[0m - [33mWARNING[0m - [37m[MainThread] UM.View.RenderBatch.addItem [166]: Tried to add an item to batch without mesh[0m
[35m2026-09-30 14:37:44,991[0m - [33mWARNING[0m - [37m[MainThread] UM.View.RenderBatch.addItem [166]: Tried to add an item to batch without mesh[0m
[35m2026-09-30 14:37:45,007[0m - [33mWARNING[0m - [37m[MainThread] UM.View.RenderBatch.addItem [166]: Tried to add an item to batch without mesh[0m
[35m2026-09-30 14:37:45,025[0m - [33mWARNING[0m - [37m[MainThread] UM.View.RenderBatch.addItem [166]: Tried to add an item to batch without mesh[0m
[35m2026-09-30 14:37:45,041[0m - [33mWARNING[0m - [37m[MainThread] UM.View.RenderBatch.addItem [166]: Tried to add an item to batch without mesh[0m
[35m2026-09-30 14:37:45,057[0m - [33mWARNING[0m - [37m[MainThread] UM.View.RenderBatch.addItem [166]: Tried to add an item to batch without mesh[0m
[35m2026-09-30 14:37:45,075[0m - [33mWARNING[0m - [37m[MainThread] UM.View.RenderBatch.addItem [166]: Tried to add an item to batch without mesh[0m
[35m2026-09-30 14:37:45,091[0m - [33mWARNING[0m - [37m[MainThread] UM.View.RenderBatch.addItem [166]: Tried to add an item to batch without mesh[0m
[35m2026-09-30 14:37:45,108[0m - [33mWARNING[0m - [37m[MainThread] UM.View.RenderBatch.addItem [166]: Tried to add an item to batch without mesh[0m
[35m2026-09-30 14:37:45,124[0m - [33mWARNING[0m - [37m[MainThread] UM.View.RenderBatch.addItem [166]: Tried to add an item to batch without mesh[0m
[35m2026-09-30 14:37:45,141[0m - [33mWARNING[0m - [37m[MainThread] UM.View.RenderBatch.addItem [166]: Tried to add an item to batch without mesh[0m
[35m2026-09-30 14:37:45,158[0m - [33mWARNING[0m - [37m[MainThread] UM.View.RenderBatch.addItem [166]: Tried to add an item to batch without mesh[0m
[35m2026-09-30 14:37:45,174[0m - [33mWARNING[0m - [37m[MainThread] UM.View.RenderBatch.addItem [166]: Tried to add an item to batch without mesh[0m
[35m2026-09-30 14:37:45,191[0m - [33mWARNING[0m - [37m[MainThread] UM.View.RenderBatch.addItem [166]: Tried to add an item to batch without mesh[0m
[35m2026-09-30 14:37:45,207[0m - [33mWARNING[0m - [37m[MainThread] UM.View.RenderBatch.addItem [166]: Tried to add an item to batch without mesh[0m
[35m2026-09-30 14:37:45,224[0m - [33mWARNING[0m - [37m[MainThread] UM.View.RenderBatch.addItem [166]: Tried to add an item to batch without mesh[0m
[35m2026-09-30 14:37:45,241[0m - [33mWARNING[0m - [37m[MainThread] UM.View.RenderBatch.addItem [166]: Tried to add an item to batch without mesh[0m
[35m2026-09-30 14:37:45,257[0m - [33mWARNING[0m - [37m[MainThread] UM.View.RenderBatch.addItem [166]: Tried to add an item to batch without mesh[0m
[35m2026-09-30 14:37:45,274[0m - [33mWARNING[0m - [37m[MainThread] UM.View.RenderBatch.addItem [166]: Tried to add an item to batch without mesh[0m
[35m2026-09-30 14:37:45,291[0m - [33mWARNING[0m - [37m[MainThread] UM.View.RenderBatch.addItem [166]: Tried to add an item to batch without mesh[0m
[35m2026-09-30 14:37:45,319[0m - [33mWARNING[0m - [37m[MainThread] UM.View.RenderBatch.addItem [166]: Tried to add an item to batch without mesh[0m
[35m2026-09-30 14:37:45,497[0m - [33mWARNING[0m - [37m[MainThread] UM.View.RenderBatch.addItem [166]: Tried to add an item to batch without mesh[0m
[35m2026-09-30 14:37:45,506[0m - [33mWARNING[0m - [37m[MainThread] UM.View.RenderBatch.addItem [166]: Tried to add an item to batch without mesh[0m
[35m2026-09-30 14:37:45,515[0m - [33mWARNING[0m - [37m[MainThread] UM.View.RenderBatch.addItem [166]: Tried to add an item to batch without mesh[0m
[35m2026-09-30 14:37:45,525[0m - [33mWARNING[0m - [37m[MainThread] UM.View.RenderBatch.addItem [166]: Tried to add an item to batch without mesh[0m
[35m2026-09-30 14:37:45,540[0m - [33mWARNING[0m - [37m[MainThread] UM.View.RenderBatch.addItem [166]: Tried to add an item to batch without mesh[0m
[35m2026-09-30 14:37:45,558[0m - [33mWARNING[0m - [37m[MainThread] UM.View.RenderBatch.addItem [166]: Tried to add an item to batch without mesh[0m
[35m2026-09-30 14:37:45,574[0m - [33mWARNING[0m - [37m[MainThread] UM.View.RenderBatch.addItem [166]: Tried to add an item to batch without mesh[0m
[35m2026-09-30 14:37:45,591[0m - [33mWARNING[0m - [37m[MainThread] UM.View.RenderBatch.addItem [166]: Tried to add an item to batch without mesh[0m
[35m2026-09-30 14:37:45,607[0m - [33mWARNING[0m - [37m[MainThread] UM.View.RenderBatch.addItem [166]: Tried to add an item to batch without mesh[0m
[35m2026-09-30 14:37:45,624[0m - [33mWARNING[0m - [37m[MainThread] UM.View.RenderBatch.addItem [166]: Tried to add an item to batch without mesh[0m
[35m2026-09-30 14:37:45,641[0m - [33mWARNING[0m - [37m[MainThread] UM.View.RenderBatch.addItem [166]: Tried to add an item to batch without mesh[0m
[35m2026-09-30 14:37:45,657[0m - [33mWARNING[0m - [37m[MainThread] UM.View.RenderBatch.addItem [166]: Tried to add an item to batch without mesh[0m
[35m2026-09-30 14:37:45,674[0m - [33mWARNING[0m - [37m[MainThread] UM.View.RenderBatch.addItem [166]: Tried to add an item to batch without mesh[0m
[35m2026-09-30 14:37:45,691[0m - [33mWARNING[0m - [37m[MainThread] UM.View.RenderBatch.addItem [166]: Tried to add an item to batch without mesh[0m
[35m2026-09-30 14:37:45,707[0m - [33mWARNING[0m - [37m[MainThread] UM.View.RenderBatch.addItem [166]: Tried to add an item to batch without mesh[0m
[35m2026-09-30 14:37:45,724[0m - [33mWARNING[0m - [37m[MainThread] UM.View.RenderBatch.addItem [166]: Tried to add an item to batch without mesh[0m
[35m2026-09-30 14:37:45,740[0m - [33mWARNING[0m - [37m[MainThread] UM.View.RenderBatch.addItem [166]: Tried to add an item to batch without mesh[0m
[35m2026-09-30 14:37:45,758[0m - [33mWARNING[0m - [37m[MainThread] UM.View.RenderBatch.addItem [166]: Tried to add an item to batch without mesh[0m
[35m2026-09-30 14:37:45,774[0m - [33mWARNING[0m - [37m[MainThread] UM.View.RenderBatch.addItem [166]: Tried to add an item to batch without mesh[0m
[35m2026-09-30 14:37:45,791[0m - [33mWARNING[0m - [37m[MainThread] UM.View.RenderBatch.addItem [166]: Tried to add an item to batch without mesh[0m
[35m2026-09-30 14:37:45,807[0m - [33mWARNING[0m - [37m[MainThread] UM.View.RenderBatch.addItem [166]: Tried to add an item to batch without mesh[0m
[35m2026-09-30 14:37:45,824[0m - [33mWARNING[0m - [37m[MainThread] UM.View.RenderBatch.addItem [166]: Tried to add an item to batch without mesh[0m
[35m2026-09-30 14:37:45,841[0m - [33mWARNING[0m - [37m[MainThread] UM.View.RenderBatch.addItem [166]: Tried to add an item to batch without mesh[0m
[35m2026-09-30 14:37:45,857[0m - [33mWARNING[0m - [37m[MainThread] UM.View.RenderBatch.addItem [166]: Tried to add an item to batch without mesh[0m
[35m2026-09-30 14:37:45,874[0m - [33mWARNING[0m - [37m[MainThread] UM.View.RenderBatch.addItem [166]: Tried to add an item to batch without mesh[0m
[35m2026-09-30 14:37:45,891[0m - [33mWARNING[0m - [37m[MainThread] UM.View.RenderBatch.addItem [166]: Tried to add an item to batch without mesh[0m
[35m2026-09-30 14:37:45,907[0m - [33mWARNING[0m - [37m[MainThread] UM.View.RenderBatch.addItem [166]: Tried to add an item to batch without mesh[0m
[35m2026-09-30 14:37:45,924[0m - [33mWARNING[0m - [37m[MainThread] UM.View.RenderBatch.addItem [166]: Tried to add an item to batch without mesh[0m
[35m2026-09-30 14:37:45,941[0m - [33mWARNING[0m - [37m[MainThread] UM.View.RenderBatch.addItem [166]: Tried to add an item to batch without mesh[0m
[35m2026-09-30 14:37:45,958[0m - [33mWARNING[0m - [37m[MainThread] UM.View.RenderBatch.addItem [166]: Tried to add an item to batch without mesh[0m
[35m2026-09-30 14:37:45,974[0m - [33mWARNING[0m - [37m[MainThread] UM.View.RenderBatch.addItem [166]: Tried to add an item to batch without mesh[0m
[35m2026-09-30 14:37:45,991[0m - [33mWARNING[0m - [37m[MainThread] UM.View.RenderBatch.addItem [166]: Tried to add an item to batch without mesh[0m
[35m2026-09-30 14:37:46,007[0m - [33mWARNING[0m - [37m[MainThread] UM.View.RenderBatch.addItem [166]: Tried to add an item to batch without mesh[0m
[35m2026-09-30 14:37:46,024[0m - [33mWARNING[0m - [37m[MainThread] UM.View.RenderBatch.addItem [166]: Tried to add an item to batch without mesh[0m
[35m2026-09-30 14:37:46,041[0m - [33mWARNING[0m - [37m[MainThread] UM.View.RenderBatch.addItem [166]: Tried to add an item to batch without mesh[0m
[35m2026-09-30 14:37:46,057[0m - [33mWARNING[0m - [37m[MainThread] UM.View.RenderBatch.addItem [166]: Tried to add an item to batch without mesh[0m
[35m2026-09-30 14:37:46,074[0m - [33mWARNING[0m - [37m[MainThread] UM.View.RenderBatch.addItem [166]: Tried to add an item to batch without mesh[0m
[35m2026-09-30 14:37:46,091[0m - [33mWARNING[0m - [37m[MainThread] UM.View.RenderBatch.addItem [166]: Tried to add an item to batch without mesh[0m
[35m2026-09-30 14:37:46,107[0m - [33mWARNING[0m - [37m[MainThread] UM.View.RenderBatch.addItem [166]: Tried to add an item to batch without mesh[0m
[35m2026-09-30 14:37:46,124[0m - [33mWARNING[0m - [37m[MainThread] UM.View.RenderBatch.addItem [166]: Tried to add an item to batch without mesh[0m
[35m2026-09-30 14:37:46,140[0m - [33mWARNING[0m - [37m[MainThread] UM.View.RenderBatch.addItem [166]: Tried to add an item to batch without mesh[0m
[35m2026-09-30 14:37:46,157[0m - [33mWARNING[0m - [37m[MainThread] UM.View.RenderBatch.addItem [166]: Tried to add an item to batch without mesh[0m
[35m2026-09-30 14:37:46,174[0m - [33mWARNING[0m - [37m[MainThread] UM.View.RenderBatch.addItem [166]: Tried to add an item to batch without mesh[0m
[35m2026-09-30 14:37:46,190[0m - [33mWARNING[0m - [37m[MainThread] UM.View.RenderBatch.addItem [166]: Tried to add an item to batch without mesh[0m
[35m2026-09-30 14:37:46,207[0m - [33mWARNING[0m - [37m[MainThread] UM.View.RenderBatch.addItem [166]: Tried to add an item to batch without mesh[0m
[35m2026-09-30 14:37:46,224[0m - [33mWARNING[0m - [37m[MainThread] UM.View.RenderBatch.addItem [166]: Tried to add an item to batch without mesh[0m
[35m2026-09-30 14:37:46,241[0m - [33mWARNING[0m - [37m[MainThread] UM.View.RenderBatch.addItem [166]: Tried to add an item to batch without mesh[0m
[35m2026-09-30 14:37:46,257[0m - [33mWARNING[0m - [37m[MainThread] UM.View.RenderBatch.addItem [166]: Tried to add an item to batch without mesh[0m
[35m2026-09-30 14:37:46,274[0m - [33mWARNING[0m - [37m[MainThread] UM.View.RenderBatch.addItem [166]: Tried to add an item to batch without mesh[0m
[35m2026-09-30 14:37:46,291[0m - [33mWARNING[0m - [37m[MainThread] UM.View.RenderBatch.addItem [166]: Tried to add an item to batch without mesh[0m
[35m2026-09-30 14:37:46,307[0m - [33mWARNING[0m - [37m[MainThread] UM.View.RenderBatch.addItem [166]: Tried to add an item to batch without mesh[0m
[35m2026-09-30 14:37:46,324[0m - [33mWARNING[0m - [37m[MainThread] UM.View.RenderBatch.addItem [166]: Tried to add an item to batch without mesh[0m
[35m2026-09-30 14:37:46,340[0m - [33mWARNING[0m - [37m[MainThread] UM.View.RenderBatch.addItem [166]: Tried to add an item to batch without mesh[0m
[35m2026-09-30 14:37:46,357[0m - [33mWARNING[0m - [37m[MainThread] UM.View.RenderBatch.addItem [166]: Tried to add an item to batch without mesh[0m
[35m2026-09-30 14:37:46,374[0m - [33mWARNING[0m - [37m[MainThread] UM.View.RenderBatch.addItem [166]: Tried to add an item to batch without mesh[0m
[35m2026-09-30 14:37:46,390[0m - [33mWARNING[0m - [37m[MainThread] UM.View.RenderBatch.addItem [166]: Tried to add an item to batch without mesh[0m
[35m2026-09-30 14:37:46,407[0m - [33mWARNING[0m - [37m[MainThread] UM.View.RenderBatch.addItem [166]: Tried to add an item to batch without mesh[0m
[35m2026-09-30 14:37:46,423[0m - [33mWARNING[0m - [37m[MainThread] UM.View.RenderBatch.addItem [166]: Tried to add an item to batch without mesh[0m
[35m2026-09-30 14:37:46,440[0m - [33mWARNING[0m - [37m[MainThread] UM.View.RenderBatch.addItem [166]: Tried to add an item to batch without mesh[0m
[35m2026-09-30 14:37:46,457[0m - [33mWARNING[0m - [37m[MainThread] UM.View.RenderBatch.addItem [166]: Tried to add an item to batch without mesh[0m
[35m2026-09-30 14:37:46,477[0m - [33mWARNING[0m - [37m[MainThread] UM.View.RenderBatch.addItem [166]: Tried to add an item to batch without mesh[0m
[35m2026-09-30 14:37:46,504[0m - [33mWARNING[0m - [37m[MainThread] UM.View.RenderBatch.addItem [166]: Tried to add an item to batch without mesh[0m
[35m2026-09-30 14:37:46,520[0m - [33mWARNING[0m - [37m[MainThread] UM.View.RenderBatch.addItem [166]: Tried to add an item to batch without mesh[0m
[35m2026-09-30 14:37:46,528[0m - [33mWARNING[0m - [37m[MainThread] UM.View.RenderBatch.addItem [166]: Tried to add an item to batch without mesh[0m
[35m2026-09-30 14:37:46,540[0m - [33mWARNING[0m - [37m[MainThread] UM.View.RenderBatch.addItem [166]: Tried to add an item to batch without mesh[0m
[35m2026-09-30 14:37:46,558[0m - [33mWARNING[0m - [37m[MainThread] UM.View.RenderBatch.addItem [166]: Tried to add an item to batch without mesh[0m
[35m2026-09-30 14:37:46,574[0m - [33mWARNING[0m - [37m[MainThread] UM.View.RenderBatch.addItem [166]: Tried to add an item to batch without mesh[0m
[35m2026-09-30 14:37:46,590[0m - [33mWARNING[0m - [37m[MainThread] UM.View.RenderBatch.addItem [166]: Tried to add an item to batch without mesh[0m
[35m2026-09-30 14:37:46,607[0m - [33mWARNING[0m - [37m[MainThread] UM.View.RenderBatch.addItem [166]: Tried to add an item to batch without mesh[0m
[35m2026-09-30 14:37:46,624[0m - [33mWARNING[0m - [37m[MainThread] UM.View.RenderBatch.addItem [166]: Tried to add an item to batch without mesh[0m
[35m2026-09-30 14:37:46,644[0m - [33mWARNING[0m - [37m[MainThread] UM.View.RenderBatch.addItem [166]: Tried to add an item to batch without mesh[0m
[35m2026-09-30 14:37:46,657[0m - [33mWARNING[0m - [37m[MainThread] UM.View.RenderBatch.addItem [166]: Tried to add an item to batch without mesh[0m
[35m2026-09-30 14:37:46,673[0m - [33mWARNING[0m - [37m[MainThread] UM.View.RenderBatch.addItem [166]: Tried to add an item to batch without mesh[0m
[35m2026-09-30 14:37:46,691[0m - [33mWARNING[0m - [37m[MainThread] UM.View.RenderBatch.addItem [166]: Tried to add an item to batch without mesh[0m
[35m2026-09-30 14:37:46,708[0m - [33mWARNING[0m - [37m[MainThread] UM.View.RenderBatch.addItem [166]: Tried to add an item to batch without mesh[0m
[35m2026-09-30 14:37:46,724[0m - [33mWARNING[0m - [37m[MainThread] UM.View.RenderBatch.addItem [166]: Tried to add an item to batch without mesh[0m
[35m2026-09-30 14:37:46,740[0m - [33mWARNING[0m - [37m[MainThread] UM.View.RenderBatch.addItem [166]: Tried to add an item to batch without mesh[0m
[35m2026-09-30 14:37:46,760[0m - [33mWARNING[0m - [37m[MainThread] UM.View.RenderBatch.addItem [166]: Tried to add an item to batch without mesh[0m
[35m2026-09-30 14:37:46,785[0m - [33mWARNING[0m - [37m[MainThread] UM.View.RenderBatch.addItem [166]: Tried to add an item to batch without mesh[0m
[35m2026-09-30 14:37:46,796[0m - [33mWARNING[0m - [37m[MainThread] UM.View.RenderBatch.addItem [166]: Tried to add an item to batch without mesh[0m
[35m2026-09-30 14:37:46,807[0m - [33mWARNING[0m - [37m[MainThread] UM.View.RenderBatch.addItem [166]: Tried to add an item to batch without mesh[0m
[35m2026-09-30 14:37:46,824[0m - [33mWARNING[0m - [37m[MainThread] UM.View.RenderBatch.addItem [166]: Tried to add an item to batch without mesh[0m
[35m2026-09-30 14:37:46,841[0m - [33mWARNING[0m - [37m[MainThread] UM.View.RenderBatch.addItem [166]: Tried to add an item to batch without mesh[0m
[35m2026-09-30 14:37:46,863[0m - [33mWARNING[0m - [37m[MainThread] UM.View.RenderBatch.addItem [166]: Tried to add an item to batch without mesh[0m
[35m2026-09-30 14:37:46,877[0m - [33mWARNING[0m - [37m[MainThread] UM.View.RenderBatch.addItem [166]: Tried to add an item to batch without mesh[0m
[35m2026-09-30 14:37:46,890[0m - [33mWARNING[0m - [37m[MainThread] UM.View.RenderBatch.addItem [166]: Tried to add an item to batch without mesh[0m
[35m2026-09-30 14:37:46,907[0m - [33mWARNING[0m - [37m[MainThread] UM.View.RenderBatch.addItem [166]: Tried to add an item to batch without mesh[0m
[35m2026-09-30 14:37:46,927[0m - [33mWARNING[0m - [37m[MainThread] UM.View.RenderBatch.addItem [166]: Tried to add an item to batch without mesh[0m
[35m2026-09-30 14:37:46,941[0m - [33mWARNING[0m - [37m[MainThread] UM.View.RenderBatch.addItem [166]: Tried to add an item to batch without mesh[0m
[35m2026-09-30 14:37:46,957[0m - [33mWARNING[0m - [37m[MainThread] UM.View.RenderBatch.addItem [166]: Tried to add an item to batch without mesh[0m
[35m2026-09-30 14:37:46,974[0m - [33mWARNING[0m - [37m[MainThread] UM.View.RenderBatch.addItem [166]: Tried to add an item to batch without mesh[0m
[35m2026-09-30 14:37:46,991[0m - [33mWARNING[0m - [37m[MainThread] UM.View.RenderBatch.addItem [166]: Tried to add an item to batch without mesh[0m
[35m2026-09-30 14:37:47,007[0m - [33mWARNING[0m - [37m[MainThread] UM.View.RenderBatch.addItem [166]: Tried to add an item to batch without mesh[0m
[35m2026-09-30 14:37:47,024[0m - [33mWARNING[0m - [37m[MainThread] UM.View.RenderBatch.addItem [166]: Tried to add an item to batch without mesh[0m
[35m2026-09-30 14:37:47,045[0m - [33mWARNING[0m - [37m[MainThread] UM.View.RenderBatch.addItem [166]: Tried to add an item to batch without mesh[0m
[35m2026-09-30 14:37:47,065[0m - [33mWARNING[0m - [37m[MainThread] UM.View.RenderBatch.addItem [166]: Tried to add an item to batch without mesh[0m
[35m2026-09-30 14:37:47,102[0m - [33mWARNING[0m - [37m[MainThread] UM.View.RenderBatch.addItem [166]: Tried to add an item to batch without mesh[0m
[35m2026-09-30 14:37:47,225[0m - [33mWARNING[0m - [37m[MainThread] UM.View.RenderBatch.addItem [166]: Tried to add an item to batch without mesh[0m
[35m2026-09-30 14:37:47,233[0m - [33mWARNING[0m - [37m[MainThread] UM.View.RenderBatch.addItem [166]: Tried to add an item to batch without mesh[0m
[35m2026-09-30 14:37:47,243[0m - [33mWARNING[0m - [37m[MainThread] UM.View.RenderBatch.addItem [166]: Tried to add an item to batch without mesh[0m
[35m2026-09-30 14:37:47,257[0m - [33mWARNING[0m - [37m[MainThread] UM.View.RenderBatch.addItem [166]: Tried to add an item to batch without mesh[0m
[35m2026-09-30 14:37:47,274[0m - [33mWARNING[0m - [37m[MainThread] UM.View.RenderBatch.addItem [166]: Tried to add an item to batch without mesh[0m
[35m2026-09-30 14:37:47,290[0m - [33mWARNING[0m - [37m[MainThread] UM.View.RenderBatch.addItem [166]: Tried to add an item to batch without mesh[0m
[35m2026-09-30 14:37:47,307[0m - [33mWARNING[0m - [37m[MainThread] UM.View.RenderBatch.addItem [166]: Tried to add an item to batch without mesh[0m
[35m2026-09-30 14:37:47,323[0m - [33mWARNING[0m - [37m[MainThread] UM.View.RenderBatch.addItem [166]: Tried to add an item to batch without mesh[0m
[35m2026-09-30 14:37:47,340[0m - [33mWARNING[0m - [37m[MainThread] UM.View.RenderBatch.addItem [166]: Tried to add an item to batch without mesh[0m
[35m2026-09-30 14:37:47,358[0m - [33mWARNING[0m - [37m[MainThread] UM.View.RenderBatch.addItem [166]: Tried to add an item to batch without mesh[0m
[35m2026-09-30 14:37:47,374[0m - [33mWARNING[0m - [37m[MainThread] UM.View.RenderBatch.addItem [166]: Tried to add an item to batch without mesh[0m
[35m2026-09-30 14:37:47,390[0m - [33mWARNING[0m - [37m[MainThread] UM.View.RenderBatch.addItem [166]: Tried to add an item to batch without mesh[0m
[35m2026-09-30 14:37:47,407[0m - [33mWARNING[0m - [37m[MainThread] UM.View.RenderBatch.addItem [166]: Tried to add an item to batch without mesh[0m
[35m2026-09-30 14:37:47,423[0m - [33mWARNING[0m - [37m[MainThread] UM.View.RenderBatch.addItem [166]: Tried to add an item to batch without mesh[0m
[35m2026-09-30 14:37:47,440[0m - [33mWARNING[0m - [37m[MainThread] UM.View.RenderBatch.addItem [166]: Tried to add an item to batch without mesh[0m
[35m2026-09-30 14:37:47,457[0m - [33mWARNING[0m - [37m[MainThread] UM.View.RenderBatch.addItem [166]: Tried to add an item to batch without mesh[0m
[35m2026-09-30 14:37:47,473[0m - [33mWARNING[0m - [37m[MainThread] UM.View.RenderBatch.addItem [166]: Tried to add an item to batch without mesh[0m
[35m2026-09-30 14:37:47,490[0m - [33mWARNING[0m - [37m[MainThread] UM.View.RenderBatch.addItem [166]: Tried to add an item to batch without mesh[0m
[35m2026-09-30 14:37:47,507[0m - [33mWARNING[0m - [37m[MainThread] UM.View.RenderBatch.addItem [166]: Tried to add an item to batch without mesh[0m
[35m2026-09-30 14:37:47,523[0m - [33mWARNING[0m - [37m[MainThread] UM.View.RenderBatch.addItem [166]: Tried to add an item to batch without mesh[0m
[35m2026-09-30 14:37:47,539[0m - [33mWARNING[0m - [37m[MainThread] UM.View.RenderBatch.addItem [166]: Tried to add an item to batch without mesh[0m
[35m2026-09-30 14:37:47,557[0m - [33mWARNING[0m - [37m[MainThread] UM.View.RenderBatch.addItem [166]: Tried to add an item to batch without mesh[0m
[35m2026-09-30 14:37:47,573[0m - [33mWARNING[0m - [37m[MainThread] UM.View.RenderBatch.addItem [166]: Tried to add an item to batch without mesh[0m
[35m2026-09-30 14:37:47,590[0m - [33mWARNING[0m - [37m[MainThread] UM.View.RenderBatch.addItem [166]: Tried to add an item to batch without mesh[0m
[35m2026-09-30 14:37:47,607[0m - [33mWARNING[0m - [37m[MainThread] UM.View.RenderBatch.addItem [166]: Tried to add an item to batch without mesh[0m
[35m2026-09-30 14:37:47,623[0m - [33mWARNING[0m - [37m[MainThread] UM.View.RenderBatch.addItem [166]: Tried to add an item to batch without mesh[0m
[35m2026-09-30 14:37:47,640[0m - [33mWARNING[0m - [37m[MainThread] UM.View.RenderBatch.addItem [166]: Tried to add an item to batch without mesh[0m
[35m2026-09-30 14:37:47,656[0m - [33mWARNING[0m - [37m[MainThread] UM.View.RenderBatch.addItem [166]: Tried to add an item to batch without mesh[0m
[35m2026-09-30 14:37:47,673[0m - [33mWARNING[0m - [37m[MainThread] UM.View.RenderBatch.addItem [166]: Tried to add an item to batch without mesh[0m
[35m2026-09-30 14:37:47,690[0m - [33mWARNING[0m - [37m[MainThread] UM.View.RenderBatch.addItem [166]: Tried to add an item to batch without mesh[0m
[35m2026-09-30 14:37:47,707[0m - [33mWARNING[0m - [37m[MainThread] UM.View.RenderBatch.addItem [166]: Tried to add an item to batch without mesh[0m
[35m2026-09-30 14:37:47,723[0m - [33mWARNING[0m - [37m[MainThread] UM.View.RenderBatch.addItem [166]: Tried to add an item to batch without mesh[0m
[35m2026-09-30 14:37:47,740[0m - [33mWARNING[0m - [37m[MainThread] UM.View.RenderBatch.addItem [166]: Tried to add an item to batch without mesh[0m
[35m2026-09-30 14:37:47,757[0m - [33mWARNING[0m - [37m[MainThread] UM.View.RenderBatch.addItem [166]: Tried to add an item to batch without mesh[0m
[35m2026-09-30 14:37:47,773[0m - [33mWARNING[0m - [37m[MainThread] UM.View.RenderBatch.addItem [166]: Tried to add an item to batch without mesh[0m
[35m2026-09-30 14:37:47,791[0m - [33mWARNING[0m - [37m[MainThread] UM.View.RenderBatch.addItem [166]: Tried to add an item to batch without mesh[0m
[35m2026-09-30 14:37:47,848[0m - [33mWARNING[0m - [37m[MainThread] UM.View.RenderBatch.addItem [166]: Tried to add an item to batch without mesh[0m
[35m2026-09-30 14:37:47,935[0m - [33mWARNING[0m - [37m[MainThread] UM.View.RenderBatch.addItem [166]: Tried to add an item to batch without mesh[0m
[35m2026-09-30 14:37:47,950[0m - [33mWARNING[0m - [37m[MainThread] UM.View.RenderBatch.addItem [166]: Tried to add an item to batch without mesh[0m
[35m2026-09-30 14:37:47,959[0m - [33mWARNING[0m - [37m[MainThread] UM.View.RenderBatch.addItem [166]: Tried to add an item to batch without mesh[0m
[35m2026-09-30 14:37:47,973[0m - [33mWARNING[0m - [37m[MainThread] UM.View.RenderBatch.addItem [166]: Tried to add an item to batch without mesh[0m
[35m2026-09-30 14:37:47,990[0m - [33mWARNING[0m - [37m[MainThread] UM.View.RenderBatch.addItem [166]: Tried to add an item to batch without mesh[0m
[35m2026-09-30 14:37:48,006[0m - [33mWARNING[0m - [37m[MainThread] UM.View.RenderBatch.addItem [166]: Tried to add an item to batch without mesh[0m
[35m2026-09-30 14:37:48,023[0m - [33mWARNING[0m - [37m[MainThread] UM.View.RenderBatch.addItem [166]: Tried to add an item to batch without mesh[0m
[35m2026-09-30 14:37:48,039[0m - [33mWARNING[0m - [37m[MainThread] UM.View.RenderBatch.addItem [166]: Tried to add an item to batch without mesh[0m
[35m2026-09-30 14:37:48,056[0m - [33mWARNING[0m - [37m[MainThread] UM.View.RenderBatch.addItem [166]: Tried to add an item to batch without mesh[0m
[35m2026-09-30 14:37:48,073[0m - [33mWARNING[0m - [37m[MainThread] UM.View.RenderBatch.addItem [166]: Tried to add an item to batch without mesh[0m
[35m2026-09-30 14:37:48,090[0m - [33mWARNING[0m - [37m[MainThread] UM.View.RenderBatch.addItem [166]: Tried to add an item to batch without mesh[0m
[35m2026-09-30 14:37:48,106[0m - [33mWARNING[0m - [37m[MainThread] UM.View.RenderBatch.addItem [166]: Tried to add an item to batch without mesh[0m
[35m2026-09-30 14:37:48,123[0m - [33mWARNING[0m - [37m[MainThread] UM.View.RenderBatch.addItem [166]: Tried to add an item to batch without mesh[0m
[35m2026-09-30 14:37:48,140[0m - [33mWARNING[0m - [37m[MainThread] UM.View.RenderBatch.addItem [166]: Tried to add an item to batch without mesh[0m
[35m2026-09-30 14:37:48,156[0m - [33mWARNING[0m - [37m[MainThread] UM.View.RenderBatch.addItem [166]: Tried to add an item to batch without mesh[0m
[35m2026-09-30 14:37:48,173[0m - [33mWARNING[0m - [37m[MainThread] UM.View.RenderBatch.addItem [166]: Tried to add an item to batch without mesh[0m
[35m2026-09-30 14:37:48,191[0m - [33mWARNING[0m - [37m[MainThread] UM.View.RenderBatch.addItem [166]: Tried to add an item to batch without mesh[0m
[35m2026-09-30 14:37:48,206[0m - [33mWARNING[0m - [37m[MainThread] UM.View.RenderBatch.addItem [166]: Tried to add an item to batch without mesh[0m
[35m2026-09-30 14:37:48,224[0m - [33mWARNING[0m - [37m[MainThread] UM.View.RenderBatch.addItem [166]: Tried to add an item to batch without mesh[0m
[35m2026-09-30 14:37:48,240[0m - [33mWARNING[0m - [37m[MainThread] UM.View.RenderBatch.addItem [166]: Tried to add an item to batch without mesh[0m
[35m2026-09-30 14:37:48,431[0m - [33mWARNING[0m - [37m[MainThread] UM.View.RenderBatch.addItem [166]: Tried to add an item to batch without mesh[0m
[35m2026-09-30 14:37:48,438[0m - [33mWARNING[0m - [37m[MainThread] UM.View.RenderBatch.addItem [166]: Tried to add an item to batch without mesh[0m
[35m2026-09-30 14:37:48,456[0m - [33mWARNING[0m - [37m[MainThread] UM.View.RenderBatch.addItem [166]: Tried to add an item to batch without mesh[0m
[35m2026-09-30 14:37:48,473[0m - [33mWARNING[0m - [37m[MainThread] UM.View.RenderBatch.addItem [166]: Tried to add an item to batch without mesh[0m
[35m2026-09-30 14:37:48,489[0m - [33mWARNING[0m - [37m[MainThread] UM.View.RenderBatch.addItem [166]: Tried to add an item to batch without mesh[0m
[35m2026-09-30 14:37:48,506[0m - [33mWARNING[0m - [37m[MainThread] UM.View.RenderBatch.addItem [166]: Tried to add an item to batch without mesh[0m
[35m2026-09-30 14:37:48,523[0m - [33mWARNING[0m - [37m[MainThread] UM.View.RenderBatch.addItem [166]: Tried to add an item to batch without mesh[0m
[35m2026-09-30 14:37:48,541[0m - [33mWARNING[0m - [37m[MainThread] UM.View.RenderBatch.addItem [166]: Tried to add an item to batch without mesh[0m
[35m2026-09-30 14:37:48,557[0m - [33mWARNING[0m - [37m[MainThread] UM.View.RenderBatch.addItem [166]: Tried to add an item to batch without mesh[0m
[35m2026-09-30 14:37:48,573[0m - [33mWARNING[0m - [37m[MainThread] UM.View.RenderBatch.addItem [166]: Tried to add an item to batch without mesh[0m
[35m2026-09-30 14:37:48,589[0m - [33mWARNING[0m - [37m[MainThread] UM.View.RenderBatch.addItem [166]: Tried to add an item to batch without mesh[0m
[35m2026-09-30 14:37:48,606[0m - [33mWARNING[0m - [37m[MainThread] UM.View.RenderBatch.addItem [166]: Tried to add an item to batch without mesh[0m
[35m2026-09-30 14:37:48,623[0m - [33mWARNING[0m - [37m[MainThread] UM.View.RenderBatch.addItem [166]: Tried to add an item to batch without mesh[0m
[35m2026-09-30 14:37:48,640[0m - [33mWARNING[0m - [37m[MainThread] UM.View.RenderBatch.addItem [166]: Tried to add an item to batch without mesh[0m
[35m2026-09-30 14:37:48,656[0m - [33mWARNING[0m - [37m[MainThread] UM.View.RenderBatch.addItem [166]: Tried to add an item to batch without mesh[0m
[35m2026-09-30 14:37:48,673[0m - [33mWARNING[0m - [37m[MainThread] UM.View.RenderBatch.addItem [166]: Tried to add an item to batch without mesh[0m
[35m2026-09-30 14:37:48,689[0m - [33mWARNING[0m - [37m[MainThread] UM.View.RenderBatch.addItem [166]: Tried to add an item to batch without mesh[0m
[35m2026-09-30 14:37:48,706[0m - [33mWARNING[0m - [37m[MainThread] UM.View.RenderBatch.addItem [166]: Tried to add an item to batch without mesh[0m
[35m2026-09-30 14:37:48,723[0m - [33mWARNING[0m - [37m[MainThread] UM.View.RenderBatch.addItem [166]: Tried to add an item to batch without mesh[0m
[35m2026-09-30 14:37:48,746[0m - [33mWARNING[0m - [37m[MainThread] UM.View.RenderBatch.addItem [166]: Tried to add an item to batch without mesh[0m
[35m2026-09-30 14:37:48,764[0m - [33mWARNING[0m - [37m[MainThread] UM.View.RenderBatch.addItem [166]: Tried to add an item to batch without mesh[0m
[35m2026-09-30 14:37:48,785[0m - [33mWARNING[0m - [37m[MainThread] UM.View.RenderBatch.addItem [166]: Tried to add an item to batch without mesh[0m
[35m2026-09-30 14:37:48,824[0m - [33mWARNING[0m - [37m[MainThread] UM.View.RenderBatch.addItem [166]: Tried to add an item to batch without mesh[0m
[35m2026-09-30 14:37:48,943[0m - [33mWARNING[0m - [37m[MainThread] UM.View.RenderBatch.addItem [166]: Tried to add an item to batch without mesh[0m
[35m2026-09-30 14:37:48,951[0m - [33mWARNING[0m - [37m[MainThread] UM.View.RenderBatch.addItem [166]: Tried to add an item to batch without mesh[0m
[35m2026-09-30 14:37:48,959[0m - [33mWARNING[0m - [37m[MainThread] UM.View.RenderBatch.addItem [166]: Tried to add an item to batch without mesh[0m
[35m2026-09-30 14:37:48,973[0m - [33mWARNING[0m - [37m[MainThread] UM.View.RenderBatch.addItem [166]: Tried to add an item to batch without mesh[0m
[35m2026-09-30 14:37:49,360[0m - [33mWARNING[0m - [37m[MainThread] UM.View.RenderBatch.addItem [166]: Tried to add an item to batch without mesh[0m
[35m2026-09-30 14:37:49,367[0m - [33mWARNING[0m - [37m[MainThread] UM.View.RenderBatch.addItem [166]: Tried to add an item to batch without mesh[0m
[35m2026-09-30 14:37:49,374[0m - [33mWARNING[0m - [37m[MainThread] UM.View.RenderBatch.addItem [166]: Tried to add an item to batch without mesh[0m
[35m2026-09-30 14:37:49,389[0m - [33mWARNING[0m - [37m[MainThread] UM.View.RenderBatch.addItem [166]: Tried to add an item to batch without mesh[0m
[35m2026-09-30 14:37:49,407[0m - [33mWARNING[0m - [37m[MainThread] UM.View.RenderBatch.addItem [166]: Tried to add an item to batch without mesh[0m
[35m2026-09-30 14:37:49,422[0m - [33mWARNING[0m - [37m[MainThread] UM.View.RenderBatch.addItem [166]: Tried to add an item to batch without mesh[0m
[35m2026-09-30 14:37:49,439[0m - [33mWARNING[0m - [37m[MainThread] UM.View.RenderBatch.addItem [166]: Tried to add an item to batch without mesh[0m
[35m2026-09-30 14:37:49,457[0m - [33mWARNING[0m - [37m[MainThread] UM.View.RenderBatch.addItem [166]: Tried to add an item to batch without mesh[0m
[35m2026-09-30 14:37:49,472[0m - [33mWARNING[0m - [37m[MainThread] UM.View.RenderBatch.addItem [166]: Tried to add an item to batch without mesh[0m
[35m2026-09-30 14:37:49,489[0m - [33mWARNING[0m - [37m[MainThread] UM.View.RenderBatch.addItem [166]: Tried to add an item to batch without mesh[0m
[35m2026-09-30 14:37:49,506[0m - [33mWARNING[0m - [37m[MainThread] UM.View.RenderBatch.addItem [166]: Tried to add an item to batch without mesh[0m
[35m2026-09-30 14:37:49,523[0m - [33mWARNING[0m - [37m[MainThread] UM.View.RenderBatch.addItem [166]: Tried to add an item to batch without mesh[0m
[35m2026-09-30 14:37:49,539[0m - [33mWARNING[0m - [37m[MainThread] UM.View.RenderBatch.addItem [166]: Tried to add an item to batch without mesh[0m
[35m2026-09-30 14:37:49,556[0m - [33mWARNING[0m - [37m[MainThread] UM.View.RenderBatch.addItem [166]: Tried to add an item to batch without mesh[0m
[35m2026-09-30 14:37:49,573[0m - [33mWARNING[0m - [37m[MainThread] UM.View.RenderBatch.addItem [166]: Tried to add an item to batch without mesh[0m
[35m2026-09-30 14:37:49,590[0m - [33mWARNING[0m - [37m[MainThread] UM.View.RenderBatch.addItem [166]: Tried to add an item to batch without mesh[0m
[35m2026-09-30 14:37:49,605[0m - [33mWARNING[0m - [37m[MainThread] UM.View.RenderBatch.addItem [166]: Tried to add an item to batch without mesh[0m
[35m2026-09-30 14:37:49,622[0m - [33mWARNING[0m - [37m[MainThread] UM.View.RenderBatch.addItem [166]: Tried to add an item to batch without mesh[0m
[35m2026-09-30 14:37:49,639[0m - [33mWARNING[0m - [37m[MainThread] UM.View.RenderBatch.addItem [166]: Tried to add an item to batch without mesh[0m
[35m2026-09-30 14:37:49,655[0m - [33mWARNING[0m - [37m[MainThread] UM.View.RenderBatch.addItem [166]: Tried to add an item to batch without mesh[0m
[35m2026-09-30 14:37:49,672[0m - [33mWARNING[0m - [37m[MainThread] UM.View.RenderBatch.addItem [166]: Tried to add an item to batch without mesh[0m
[35m2026-09-30 14:37:49,690[0m - [33mWARNING[0m - [37m[MainThread] UM.View.RenderBatch.addItem [166]: Tried to add an item to batch without mesh[0m
[35m2026-09-30 14:37:49,707[0m - [33mWARNING[0m - [37m[MainThread] UM.View.RenderBatch.addItem [166]: Tried to add an item to batch without mesh[0m
[35m2026-09-30 14:37:49,723[0m - [33mWARNING[0m - [37m[MainThread] UM.View.RenderBatch.addItem [166]: Tried to add an item to batch without mesh[0m
[35m2026-09-30 14:37:49,740[0m - [33mWARNING[0m - [37m[MainThread] UM.View.RenderBatch.addItem [166]: Tried to add an item to batch without mesh[0m
[35m2026-09-30 14:37:49,756[0m - [33mWARNING[0m - [37m[MainThread] UM.View.RenderBatch.addItem [166]: Tried to add an item to batch without mesh[0m
[35m2026-09-30 14:37:49,773[0m - [33mWARNING[0m - [37m[MainThread] UM.View.RenderBatch.addItem [166]: Tried to add an item to batch without mesh[0m
[35m2026-09-30 14:37:49,790[0m - [33mWARNING[0m - [37m[MainThread] UM.View.RenderBatch.addItem [166]: Tried to add an item to batch without mesh[0m
[35m2026-09-30 14:37:49,807[0m - [33mWARNING[0m - [37m[MainThread] UM.View.RenderBatch.addItem [166]: Tried to add an item to batch without mesh[0m
[35m2026-09-30 14:37:49,823[0m - [33mWARNING[0m - [37m[MainThread] UM.View.RenderBatch.addItem [166]: Tried to add an item to batch without mesh[0m
[35m2026-09-30 14:37:49,840[0m - [33mWARNING[0m - [37m[MainThread] UM.View.RenderBatch.addItem [166]: Tried to add an item to batch without mesh[0m
[35m2026-09-30 14:37:49,857[0m - [33mWARNING[0m - [37m[MainThread] UM.View.RenderBatch.addItem [166]: Tried to add an item to batch without mesh[0m
[35m2026-09-30 14:37:49,873[0m - [33mWARNING[0m - [37m[MainThread] UM.View.RenderBatch.addItem [166]: Tried to add an item to batch without mesh[0m
[35m2026-09-30 14:37:49,890[0m - [33mWARNING[0m - [37m[MainThread] UM.View.RenderBatch.addItem [166]: Tried to add an item to batch without mesh[0m
[35m2026-09-30 14:37:49,906[0m - [33mWARNING[0m - [37m[MainThread] UM.View.RenderBatch.addItem [166]: Tried to add an item to batch without mesh[0m
[35m2026-09-30 14:37:49,922[0m - [33mWARNING[0m - [37m[MainThread] UM.View.RenderBatch.addItem [166]: Tried to add an item to batch without mesh[0m
[35m2026-09-30 14:37:49,939[0m - [33mWARNING[0m - [37m[MainThread] UM.View.RenderBatch.addItem [166]: Tried to add an item to batch without mesh[0m
[35m2026-09-30 14:37:49,957[0m - [33mWARNING[0m - [37m[MainThread] UM.View.RenderBatch.addItem [166]: Tried to add an item to batch without mesh[0m
[35m2026-09-30 14:37:49,972[0m - [33mWARNING[0m - [37m[MainThread] UM.View.RenderBatch.addItem [166]: Tried to add an item to batch without mesh[0m
[35m2026-09-30 14:37:49,989[0m - [33mWARNING[0m - [37m[MainThread] UM.View.RenderBatch.addItem [166]: Tried to add an item to batch without mesh[0m
[35m2026-09-30 14:37:50,005[0m - [33mWARNING[0m - [37m[MainThread] UM.View.RenderBatch.addItem [166]: Tried to add an item to batch without mesh[0m
[35m2026-09-30 14:37:50,022[0m - [33mWARNING[0m - [37m[MainThread] UM.View.RenderBatch.addItem [166]: Tried to add an item to batch without mesh[0m
[35m2026-09-30 14:37:50,039[0m - [33mWARNING[0m - [37m[MainThread] UM.View.RenderBatch.addItem [166]: Tried to add an item to batch without mesh[0m
[35m2026-09-30 14:37:50,057[0m - [33mWARNING[0m - [37m[MainThread] UM.View.RenderBatch.addItem [166]: Tried to add an item to batch without mesh[0m
[35m2026-09-30 14:37:50,073[0m - [33mWARNING[0m - [37m[MainThread] UM.View.RenderBatch.addItem [166]: Tried to add an item to batch without mesh[0m
[35m2026-09-30 14:37:50,089[0m - [33mWARNING[0m - [37m[MainThread] UM.View.RenderBatch.addItem [166]: Tried to add an item to batch without mesh[0m
[35m2026-09-30 14:37:50,106[0m - [33mWARNING[0m - [37m[MainThread] UM.View.RenderBatch.addItem [166]: Tried to add an item to batch without mesh[0m
[35m2026-09-30 14:37:50,123[0m - [33mWARNING[0m - [37m[MainThread] UM.View.RenderBatch.addItem [166]: Tried to add an item to batch without mesh[0m
[35m2026-09-30 14:37:50,140[0m - [33mWARNING[0m - [37m[MainThread] UM.View.RenderBatch.addItem [166]: Tried to add an item to batch without mesh[0m
[35m2026-09-30 14:37:50,156[0m - [33mWARNING[0m - [37m[MainThread] UM.View.RenderBatch.addItem [166]: Tried to add an item to batch without mesh[0m
[35m2026-09-30 14:37:50,173[0m - [33mWARNING[0m - [37m[MainThread] UM.View.RenderBatch.addItem [166]: Tried to add an item to batch without mesh[0m
[35m2026-09-30 14:37:50,190[0m - [33mWARNING[0m - [37m[MainThread] UM.View.RenderBatch.addItem [166]: Tried to add an item to batch without mesh[0m
[35m2026-09-30 14:37:50,206[0m - [33mWARNING[0m - [37m[MainThread] UM.View.RenderBatch.addItem [166]: Tried to add an item to batch without mesh[0m
[35m2026-09-30 14:37:50,223[0m - [33mWARNING[0m - [37m[MainThread] UM.View.RenderBatch.addItem [166]: Tried to add an item to batch without mesh[0m
[35m2026-09-30 14:37:50,240[0m - [33mWARNING[0m - [37m[MainThread] UM.View.RenderBatch.addItem [166]: Tried to add an item to batch without mesh[0m
[35m2026-09-30 14:37:50,256[0m - [33mWARNING[0m - [37m[MainThread] UM.View.RenderBatch.addItem [166]: Tried to add an item to batch without mesh[0m
[35m2026-09-30 14:37:50,273[0m - [33mWARNING[0m - [37m[MainThread] UM.View.RenderBatch.addItem [166]: Tried to add an item to batch without mesh[0m
[35m2026-09-30 14:37:50,290[0m - [33mWARNING[0m - [37m[MainThread] UM.View.RenderBatch.addItem [166]: Tried to add an item to batch without mesh[0m
[35m2026-09-30 14:37:50,306[0m - [33mWARNING[0m - [37m[MainThread] UM.View.RenderBatch.addItem [166]: Tried to add an item to batch without mesh[0m
[35m2026-09-30 14:37:50,329[0m - [33mWARNING[0m - [37m[MainThread] UM.View.RenderBatch.addItem [166]: Tried to add an item to batch without mesh[0m
[35m2026-09-30 14:37:50,339[0m - [33mWARNING[0m - [37m[MainThread] UM.View.RenderBatch.addItem [166]: Tried to add an item to batch without mesh[0m
[35m2026-09-30 14:37:50,356[0m - [33mWARNING[0m - [37m[MainThread] UM.View.RenderBatch.addItem [166]: Tried to add an item to batch without mesh[0m
[35m2026-09-30 14:37:50,372[0m - [33mWARNING[0m - [37m[MainThread] UM.View.RenderBatch.addItem [166]: Tried to add an item to batch without mesh[0m
[35m2026-09-30 14:37:50,389[0m - [33mWARNING[0m - [37m[MainThread] UM.View.RenderBatch.addItem [166]: Tried to add an item to batch without mesh[0m
[35m2026-09-30 14:37:50,406[0m - [33mWARNING[0m - [37m[MainThread] UM.View.RenderBatch.addItem [166]: Tried to add an item to batch without mesh[0m
[35m2026-09-30 14:37:50,422[0m - [33mWARNING[0m - [37m[MainThread] UM.View.RenderBatch.addItem [166]: Tried to add an item to batch without mesh[0m
[35m2026-09-30 14:37:50,439[0m - [33mWARNING[0m - [37m[MainThread] UM.View.RenderBatch.addItem [166]: Tried to add an item to batch without mesh[0m
[35m2026-09-30 14:37:50,456[0m - [33mWARNING[0m - [37m[MainThread] UM.View.RenderBatch.addItem [166]: Tried to add an item to batch without mesh[0m
[35m2026-09-30 14:37:50,472[0m - [33mWARNING[0m - [37m[MainThread] UM.View.RenderBatch.addItem [166]: Tried to add an item to batch without mesh[0m
[35m2026-09-30 14:37:50,490[0m - [33mWARNING[0m - [37m[MainThread] UM.View.RenderBatch.addItem [166]: Tried to add an item to batch without mesh[0m
[35m2026-09-30 14:37:50,505[0m - [33mWARNING[0m - [37m[MainThread] UM.View.RenderBatch.addItem [166]: Tried to add an item to batch without mesh[0m
[35m2026-09-30 14:37:50,522[0m - [33mWARNING[0m - [37m[MainThread] UM.View.RenderBatch.addItem [166]: Tried to add an item to batch without mesh[0m
[35m2026-09-30 14:37:50,539[0m - [33mWARNING[0m - [37m[MainThread] UM.View.RenderBatch.addItem [166]: Tried to add an item to batch without mesh[0m
[35m2026-09-30 14:37:50,557[0m - [33mWARNING[0m - [37m[MainThread] UM.View.RenderBatch.addItem [166]: Tried to add an item to batch without mesh[0m
[35m2026-09-30 14:37:50,572[0m - [33mWARNING[0m - [37m[MainThread] UM.View.RenderBatch.addItem [166]: Tried to add an item to batch without mesh[0m
[35m2026-09-30 14:37:50,589[0m - [33mWARNING[0m - [37m[MainThread] UM.View.RenderBatch.addItem [166]: Tried to add an item to batch without mesh[0m
[35m2026-09-30 14:37:50,605[0m - [33mWARNING[0m - [37m[MainThread] UM.View.RenderBatch.addItem [166]: Tried to add an item to batch without mesh[0m
[35m2026-09-30 14:37:50,622[0m - [33mWARNING[0m - [37m[MainThread] UM.View.RenderBatch.addItem [166]: Tried to add an item to batch without mesh[0m
[35m2026-09-30 14:37:50,639[0m - [33mWARNING[0m - [37m[MainThread] UM.View.RenderBatch.addItem [166]: Tried to add an item to batch without mesh[0m
[35m2026-09-30 14:37:50,655[0m - [33mWARNING[0m - [37m[MainThread] UM.View.RenderBatch.addItem [166]: Tried to add an item to batch without mesh[0m
[35m2026-09-30 14:37:50,673[0m - [33mWARNING[0m - [37m[MainThread] UM.View.RenderBatch.addItem [166]: Tried to add an item to batch without mesh[0m
[35m2026-09-30 14:37:50,689[0m - [33mWARNING[0m - [37m[MainThread] UM.View.RenderBatch.addItem [166]: Tried to add an item to batch without mesh[0m
[35m2026-09-30 14:37:50,706[0m - [33mWARNING[0m - [37m[MainThread] UM.View.RenderBatch.addItem [166]: Tried to add an item to batch without mesh[0m
[35m2026-09-30 14:37:50,723[0m - [33mWARNING[0m - [37m[MainThread] UM.View.RenderBatch.addItem [166]: Tried to add an item to batch without mesh[0m
[35m2026-09-30 14:37:50,739[0m - [33mWARNING[0m - [37m[MainThread] UM.View.RenderBatch.addItem [166]: Tried to add an item to batch without mesh[0m
[35m2026-09-30 14:37:50,756[0m - [33mWARNING[0m - [37m[MainThread] UM.View.RenderBatch.addItem [166]: Tried to add an item to batch without mesh[0m
[35m2026-09-30 14:37:50,772[0m - [33mWARNING[0m - [37m[MainThread] UM.View.RenderBatch.addItem [166]: Tried to add an item to batch without mesh[0m
[35m2026-09-30 14:37:50,795[0m - [33mWARNING[0m - [37m[MainThread] UM.View.RenderBatch.addItem [166]: Tried to add an item to batch without mesh[0m
[35m2026-09-30 14:37:50,900[0m - [33mWARNING[0m - [37m[MainThread] UM.View.RenderBatch.addItem [166]: Tried to add an item to batch without mesh[0m
[35m2026-09-30 14:37:50,909[0m - [33mWARNING[0m - [37m[MainThread] UM.View.RenderBatch.addItem [166]: Tried to add an item to batch without mesh[0m
[35m2026-09-30 14:37:50,923[0m - [33mWARNING[0m - [37m[MainThread] UM.View.RenderBatch.addItem [166]: Tried to add an item to batch without mesh[0m
[35m2026-09-30 14:37:50,939[0m - [33mWARNING[0m - [37m[MainThread] UM.View.RenderBatch.addItem [166]: Tried to add an item to batch without mesh[0m
[35m2026-09-30 14:37:50,955[0m - [33mWARNING[0m - [37m[MainThread] UM.View.RenderBatch.addItem [166]: Tried to add an item to batch without mesh[0m
[35m2026-09-30 14:37:50,972[0m - [33mWARNING[0m - [37m[MainThread] UM.View.RenderBatch.addItem [166]: Tried to add an item to batch without mesh[0m
[35m2026-09-30 14:37:50,989[0m - [33mWARNING[0m - [37m[MainThread] UM.View.RenderBatch.addItem [166]: Tried to add an item to batch without mesh[0m
[35m2026-09-30 14:37:51,005[0m - [33mWARNING[0m - [37m[MainThread] UM.View.RenderBatch.addItem [166]: Tried to add an item to batch without mesh[0m
[35m2026-09-30 14:37:51,022[0m - [33mWARNING[0m - [37m[MainThread] UM.View.RenderBatch.addItem [166]: Tried to add an item to batch without mesh[0m
[35m2026-09-30 14:37:51,038[0m - [33mWARNING[0m - [37m[MainThread] UM.View.RenderBatch.addItem [166]: Tried to add an item to batch without mesh[0m
[35m2026-09-30 14:37:51,056[0m - [33mWARNING[0m - [37m[MainThread] UM.View.RenderBatch.addItem [166]: Tried to add an item to batch without mesh[0m
[35m2026-09-30 14:37:51,073[0m - [33mWARNING[0m - [37m[MainThread] UM.View.RenderBatch.addItem [166]: Tried to add an item to batch without mesh[0m
[35m2026-09-30 14:37:51,090[0m - [33mWARNING[0m - [37m[MainThread] UM.View.RenderBatch.addItem [166]: Tried to add an item to batch without mesh[0m
[35m2026-09-30 14:37:51,105[0m - [33mWARNING[0m - [37m[MainThread] UM.View.RenderBatch.addItem [166]: Tried to add an item to batch without mesh[0m
[35m2026-09-30 14:37:51,122[0m - [33mWARNING[0m - [37m[MainThread] UM.View.RenderBatch.addItem [166]: Tried to add an item to batch without mesh[0m
[35m2026-09-30 14:37:51,139[0m - [33mWARNING[0m - [37m[MainThread] UM.View.RenderBatch.addItem [166]: Tried to add an item to batch without mesh[0m
[35m2026-09-30 14:37:51,155[0m - [33mWARNING[0m - [37m[MainThread] UM.View.RenderBatch.addItem [166]: Tried to add an item to batch without mesh[0m
[35m2026-09-30 14:37:51,172[0m - [33mWARNING[0m - [37m[MainThread] UM.View.RenderBatch.addItem [166]: Tried to add an item to batch without mesh[0m
[35m2026-09-30 14:37:51,189[0m - [33mWARNING[0m - [37m[MainThread] UM.View.RenderBatch.addItem [166]: Tried to add an item to batch without mesh[0m
[35m2026-09-30 14:37:51,206[0m - [33mWARNING[0m - [37m[MainThread] UM.View.RenderBatch.addItem [166]: Tried to add an item to batch without mesh[0m
[35m2026-09-30 14:37:51,223[0m - [33mWARNING[0m - [37m[MainThread] UM.View.RenderBatch.addItem [166]: Tried to add an item to batch without mesh[0m
[35m2026-09-30 14:37:51,239[0m - [33mWARNING[0m - [37m[MainThread] UM.View.RenderBatch.addItem [166]: Tried to add an item to batch without mesh[0m
[35m2026-09-30 14:37:51,256[0m - [33mWARNING[0m - [37m[MainThread] UM.View.RenderBatch.addItem [166]: Tried to add an item to batch without mesh[0m
[35m2026-09-30 14:37:51,272[0m - [33mWARNING[0m - [37m[MainThread] UM.View.RenderBatch.addItem [166]: Tried to add an item to batch without mesh[0m
[35m2026-09-30 14:37:51,289[0m - [33mWARNING[0m - [37m[MainThread] UM.View.RenderBatch.addItem [166]: Tried to add an item to batch without mesh[0m
[35m2026-09-30 14:37:51,306[0m - [33mWARNING[0m - [37m[MainThread] UM.View.RenderBatch.addItem [166]: Tried to add an item to batch without mesh[0m
[35m2026-09-30 14:37:51,322[0m - [33mWARNING[0m - [37m[MainThread] UM.View.RenderBatch.addItem [166]: Tried to add an item to batch without mesh[0m
[35m2026-09-30 14:37:51,339[0m - [33mWARNING[0m - [37m[MainThread] UM.View.RenderBatch.addItem [166]: Tried to add an item to batch without mesh[0m
[35m2026-09-30 14:37:51,356[0m - [33mWARNING[0m - [37m[MainThread] UM.View.RenderBatch.addItem [166]: Tried to add an item to batch without mesh[0m
[35m2026-09-30 14:37:51,372[0m - [33mWARNING[0m - [37m[MainThread] UM.View.RenderBatch.addItem [166]: Tried to add an item to batch without mesh[0m
[35m2026-09-30 14:37:51,389[0m - [33mWARNING[0m - [37m[MainThread] UM.View.RenderBatch.addItem [166]: Tried to add an item to batch without mesh[0m
[35m2026-09-30 14:37:51,470[0m - [33mWARNING[0m - [37m[MainThread] UM.View.RenderBatch.addItem [166]: Tried to add an item to batch without mesh[0m
[35m2026-09-30 14:37:51,478[0m - [33mWARNING[0m - [37m[MainThread] UM.View.RenderBatch.addItem [166]: Tried to add an item to batch without mesh[0m
[35m2026-09-30 14:37:51,489[0m - [33mWARNING[0m - [37m[MainThread] UM.View.RenderBatch.addItem [166]: Tried to add an item to batch without mesh[0m
[35m2026-09-30 14:37:51,506[0m - [33mWARNING[0m - [37m[MainThread] UM.View.RenderBatch.addItem [166]: Tried to add an item to batch without mesh[0m
[35m2026-09-30 14:37:51,522[0m - [33mWARNING[0m - [37m[MainThread] UM.View.RenderBatch.addItem [166]: Tried to add an item to batch without mesh[0m
[35m2026-09-30 14:37:51,538[0m - [33mWARNING[0m - [37m[MainThread] UM.View.RenderBatch.addItem [166]: Tried to add an item to batch without mesh[0m
[35m2026-09-30 14:37:51,556[0m - [33mWARNING[0m - [37m[MainThread] UM.View.RenderBatch.addItem [166]: Tried to add an item to batch without mesh[0m
[35m2026-09-30 14:37:51,572[0m - [33mWARNING[0m - [37m[MainThread] UM.View.RenderBatch.addItem [166]: Tried to add an item to batch without mesh[0m
[35m2026-09-30 14:37:51,589[0m - [33mWARNING[0m - [37m[MainThread] UM.View.RenderBatch.addItem [166]: Tried to add an item to batch without mesh[0m
[35m2026-09-30 14:37:51,606[0m - [33mWARNING[0m - [37m[MainThread] UM.View.RenderBatch.addItem [166]: Tried to add an item to batch without mesh[0m
[35m2026-09-30 14:37:51,622[0m - [33mWARNING[0m - [37m[MainThread] UM.View.RenderBatch.addItem [166]: Tried to add an item to batch without mesh[0m
[35m2026-09-30 14:37:51,638[0m - [33mWARNING[0m - [37m[MainThread] UM.View.RenderBatch.addItem [166]: Tried to add an item to batch without mesh[0m
[35m2026-09-30 14:37:51,656[0m - [33mWARNING[0m - [37m[MainThread] UM.View.RenderBatch.addItem [166]: Tried to add an item to batch without mesh[0m
[35m2026-09-30 14:37:51,672[0m - [33mWARNING[0m - [37m[MainThread] UM.View.RenderBatch.addItem [166]: Tried to add an item to batch without mesh[0m
[35m2026-09-30 14:37:51,688[0m - [33mWARNING[0m - [37m[MainThread] UM.View.RenderBatch.addItem [166]: Tried to add an item to batch without mesh[0m
[35m2026-09-30 14:37:51,706[0m - [33mWARNING[0m - [37m[MainThread] UM.View.RenderBatch.addItem [166]: Tried to add an item to batch without mesh[0m
[35m2026-09-30 14:37:51,722[0m - [33mWARNING[0m - [37m[MainThread] UM.View.RenderBatch.addItem [166]: Tried to add an item to batch without mesh[0m
[35m2026-09-30 14:37:51,739[0m - [33mWARNING[0m - [37m[MainThread] UM.View.RenderBatch.addItem [166]: Tried to add an item to batch without mesh[0m
[35m2026-09-30 14:37:51,755[0m - [33mWARNING[0m - [37m[MainThread] UM.View.RenderBatch.addItem [166]: Tried to add an item to batch without mesh[0m
[35m2026-09-30 14:37:51,772[0m - [33mWARNING[0m - [37m[MainThread] UM.View.RenderBatch.addItem [166]: Tried to add an item to batch without mesh[0m
[35m2026-09-30 14:37:51,789[0m - [33mWARNING[0m - [37m[MainThread] UM.View.RenderBatch.addItem [166]: Tried to add an item to batch without mesh[0m
[35m2026-09-30 14:37:51,805[0m - [33mWARNING[0m - [37m[MainThread] UM.View.RenderBatch.addItem [166]: Tried to add an item to batch without mesh[0m
[35m2026-09-30 14:37:51,822[0m - [33mWARNING[0m - [37m[MainThread] UM.View.RenderBatch.addItem [166]: Tried to add an item to batch without mesh[0m
[35m2026-09-30 14:37:51,839[0m - [33mWARNING[0m - [37m[MainThread] UM.View.RenderBatch.addItem [166]: Tried to add an item to batch without mesh[0m
[35m2026-09-30 14:37:51,856[0m - [33mWARNING[0m - [37m[MainThread] UM.View.RenderBatch.addItem [166]: Tried to add an item to batch without mesh[0m
[35m2026-09-30 14:37:51,872[0m - [33mWARNING[0m - [37m[MainThread] UM.View.RenderBatch.addItem [166]: Tried to add an item to batch without mesh[0m
[35m2026-09-30 14:37:51,889[0m - [33mWARNING[0m - [37m[MainThread] UM.View.RenderBatch.addItem [166]: Tried to add an item to batch without mesh[0m
[35m2026-09-30 14:37:51,906[0m - [33mWARNING[0m - [37m[MainThread] UM.View.RenderBatch.addItem [166]: Tried to add an item to batch without mesh[0m
[35m2026-09-30 14:37:51,922[0m - [33mWARNING[0m - [37m[MainThread] UM.View.RenderBatch.addItem [166]: Tried to add an item to batch without mesh[0m
[35m2026-09-30 14:37:51,939[0m - [33mWARNING[0m - [37m[MainThread] UM.View.RenderBatch.addItem [166]: Tried to add an item to batch without mesh[0m
[35m2026-09-30 14:37:51,956[0m - [33mWARNING[0m - [37m[MainThread] UM.View.RenderBatch.addItem [166]: Tried to add an item to batch without mesh[0m
[35m2026-09-30 14:37:51,972[0m - [33mWARNING[0m - [37m[MainThread] UM.View.RenderBatch.addItem [166]: Tried to add an item to batch without mesh[0m
[35m2026-09-30 14:37:51,989[0m - [33mWARNING[0m - [37m[MainThread] UM.View.RenderBatch.addItem [166]: Tried to add an item to batch without mesh[0m
[35m2026-09-30 14:37:52,006[0m - [33mWARNING[0m - [37m[MainThread] UM.View.RenderBatch.addItem [166]: Tried to add an item to batch without mesh[0m
[35m2026-09-30 14:37:52,022[0m - [33mWARNING[0m - [37m[MainThread] UM.View.RenderBatch.addItem [166]: Tried to add an item to batch without mesh[0m
[35m2026-09-30 14:37:52,099[0m - [33mWARNING[0m - [37m[MainThread] UM.View.RenderBatch.addItem [166]: Tried to add an item to batch without mesh[0m
[35m2026-09-30 14:37:52,107[0m - [33mWARNING[0m - [37m[MainThread] UM.View.RenderBatch.addItem [166]: Tried to add an item to batch without mesh[0m
[35m2026-09-30 14:37:52,122[0m - [33mWARNING[0m - [37m[MainThread] UM.View.RenderBatch.addItem [166]: Tried to add an item to batch without mesh[0m
[35m2026-09-30 14:37:52,139[0m - [33mWARNING[0m - [37m[MainThread] UM.View.RenderBatch.addItem [166]: Tried to add an item to batch without mesh[0m
[35m2026-09-30 14:37:52,156[0m - [33mWARNING[0m - [37m[MainThread] UM.View.RenderBatch.addItem [166]: Tried to add an item to batch without mesh[0m
[35m2026-09-30 14:37:52,172[0m - [33mWARNING[0m - [37m[MainThread] UM.View.RenderBatch.addItem [166]: Tried to add an item to batch without mesh[0m
[35m2026-09-30 14:37:52,189[0m - [33mWARNING[0m - [37m[MainThread] UM.View.RenderBatch.addItem [166]: Tried to add an item to batch without mesh[0m
[35m2026-09-30 14:37:52,205[0m - [33mWARNING[0m - [37m[MainThread] UM.View.RenderBatch.addItem [166]: Tried to add an item to batch without mesh[0m
[35m2026-09-30 14:37:52,222[0m - [33mWARNING[0m - [37m[MainThread] UM.View.RenderBatch.addItem [166]: Tried to add an item to batch without mesh[0m
[35m2026-09-30 14:37:52,239[0m - [33mWARNING[0m - [37m[MainThread] UM.View.RenderBatch.addItem [166]: Tried to add an item to batch without mesh[0m
[35m2026-09-30 14:37:52,255[0m - [33mWARNING[0m - [37m[MainThread] UM.View.RenderBatch.addItem [166]: Tried to add an item to batch without mesh[0m
[35m2026-09-30 14:37:52,272[0m - [33mWARNING[0m - [37m[MainThread] UM.View.RenderBatch.addItem [166]: Tried to add an item to batch without mesh[0m
[35m2026-09-30 14:37:52,289[0m - [33mWARNING[0m - [37m[MainThread] UM.View.RenderBatch.addItem [166]: Tried to add an item to batch without mesh[0m
[35m2026-09-30 14:37:52,305[0m - [33mWARNING[0m - [37m[MainThread] UM.View.RenderBatch.addItem [166]: Tried to add an item to batch without mesh[0m
[35m2026-09-30 14:37:52,322[0m - [33mWARNING[0m - [37m[MainThread] UM.View.RenderBatch.addItem [166]: Tried to add an item to batch without mesh[0m
[35m2026-09-30 14:37:52,339[0m - [33mWARNING[0m - [37m[MainThread] UM.View.RenderBatch.addItem [166]: Tried to add an item to batch without mesh[0m
[35m2026-09-30 14:37:52,355[0m - [33mWARNING[0m - [37m[MainThread] UM.View.RenderBatch.addItem [166]: Tried to add an item to batch without mesh[0m
[35m2026-09-30 14:37:52,372[0m - [33mWARNING[0m - [37m[MainThread] UM.View.RenderBatch.addItem [166]: Tried to add an item to batch without mesh[0m
[35m2026-09-30 14:37:52,389[0m - [33mWARNING[0m - [37m[MainThread] UM.View.RenderBatch.addItem [166]: Tried to add an item to batch without mesh[0m
[35m2026-09-30 14:37:52,405[0m - [33mWARNING[0m - [37m[MainThread] UM.View.RenderBatch.addItem [166]: Tried to add an item to batch without mesh[0m
[35m2026-09-30 14:37:52,422[0m - [33mWARNING[0m - [37m[MainThread] UM.View.RenderBatch.addItem [166]: Tried to add an item to batch without mesh[0m
[35m2026-09-30 14:37:52,439[0m - [33mWARNING[0m - [37m[MainThread] UM.View.RenderBatch.addItem [166]: Tried to add an item to batch without mesh[0m
[35m2026-09-30 14:37:52,457[0m - [33mWARNING[0m - [37m[MainThread] UM.View.RenderBatch.addItem [166]: Tried to add an item to batch without mesh[0m
[35m2026-09-30 14:37:52,583[0m - [33mWARNING[0m - [37m[MainThread] UM.View.RenderBatch.addItem [166]: Tried to add an item to batch without mesh[0m
[35m2026-09-30 14:37:52,591[0m - [33mWARNING[0m - [37m[MainThread] UM.View.RenderBatch.addItem [166]: Tried to add an item to batch without mesh[0m
[35m2026-09-30 14:37:52,607[0m - [33mWARNING[0m - [37m[MainThread] UM.View.RenderBatch.addItem [166]: Tried to add an item to batch without mesh[0m
[35m2026-09-30 14:37:52,622[0m - [33mWARNING[0m - [37m[MainThread] UM.View.RenderBatch.addItem [166]: Tried to add an item to batch without mesh[0m
[35m2026-09-30 14:37:52,639[0m - [33mWARNING[0m - [37m[MainThread] UM.View.RenderBatch.addItem [166]: Tried to add an item to batch without mesh[0m
[35m2026-09-30 14:37:52,656[0m - [33mWARNING[0m - [37m[MainThread] UM.View.RenderBatch.addItem [166]: Tried to add an item to batch without mesh[0m
[35m2026-09-30 14:37:52,672[0m - [33mWARNING[0m - [37m[MainThread] UM.View.RenderBatch.addItem [166]: Tried to add an item to batch without mesh[0m
[35m2026-09-30 14:37:52,688[0m - [33mWARNING[0m - [37m[MainThread] UM.View.RenderBatch.addItem [166]: Tried to add an item to batch without mesh[0m
[35m2026-09-30 14:37:52,706[0m - [33mWARNING[0m - [37m[MainThread] UM.View.RenderBatch.addItem [166]: Tried to add an item to batch without mesh[0m
[35m2026-09-30 14:37:52,722[0m - [33mWARNING[0m - [37m[MainThread] UM.View.RenderBatch.addItem [166]: Tried to add an item to batch without mesh[0m
[35m2026-09-30 14:37:52,739[0m - [33mWARNING[0m - [37m[MainThread] UM.View.RenderBatch.addItem [166]: Tried to add an item to batch without mesh[0m
[35m2026-09-30 14:37:52,755[0m - [33mWARNING[0m - [37m[MainThread] UM.View.RenderBatch.addItem [166]: Tried to add an item to batch without mesh[0m
[35m2026-09-30 14:37:52,772[0m - [33mWARNING[0m - [37m[MainThread] UM.View.RenderBatch.addItem [166]: Tried to add an item to batch without mesh[0m
[35m2026-09-30 14:37:52,789[0m - [33mWARNING[0m - [37m[MainThread] UM.View.RenderBatch.addItem [166]: Tried to add an item to batch without mesh[0m
[35m2026-09-30 14:37:52,805[0m - [33mWARNING[0m - [37m[MainThread] UM.View.RenderBatch.addItem [166]: Tried to add an item to batch without mesh[0m
[35m2026-09-30 14:37:52,822[0m - [33mWARNING[0m - [37m[MainThread] UM.View.RenderBatch.addItem [166]: Tried to add an item to batch without mesh[0m
[35m2026-09-30 14:37:52,839[0m - [33mWARNING[0m - [37m[MainThread] UM.View.RenderBatch.addItem [166]: Tried to add an item to batch without mesh[0m
[35m2026-09-30 14:37:52,855[0m - [33mWARNING[0m - [37m[MainThread] UM.View.RenderBatch.addItem [166]: Tried to add an item to batch without mesh[0m
[35m2026-09-30 14:37:52,872[0m - [33mWARNING[0m - [37m[MainThread] UM.View.RenderBatch.addItem [166]: Tried to add an item to batch without mesh[0m
[35m2026-09-30 14:37:52,889[0m - [33mWARNING[0m - [37m[MainThread] UM.View.RenderBatch.addItem [166]: Tried to add an item to batch without mesh[0m
[35m2026-09-30 14:37:52,905[0m - [33mWARNING[0m - [37m[MainThread] UM.View.RenderBatch.addItem [166]: Tried to add an item to batch without mesh[0m
[35m2026-09-30 14:37:52,922[0m - [33mWARNING[0m - [37m[MainThread] UM.View.RenderBatch.addItem [166]: Tried to add an item to batch without mesh[0m
[35m2026-09-30 14:37:52,938[0m - [33mWARNING[0m - [37m[MainThread] UM.View.RenderBatch.addItem [166]: Tried to add an item to batch without mesh[0m
[35m2026-09-30 14:37:52,955[0m - [33mWARNING[0m - [37m[MainThread] UM.View.RenderBatch.addItem [166]: Tried to add an item to batch without mesh[0m
[35m2026-09-30 14:37:52,972[0m - [33mWARNING[0m - [37m[MainThread] UM.View.RenderBatch.addItem [166]: Tried to add an item to batch without mesh[0m
[35m2026-09-30 14:37:52,988[0m - [33mWARNING[0m - [37m[MainThread] UM.View.RenderBatch.addItem [166]: Tried to add an item to batch without mesh[0m
[35m2026-09-30 14:37:53,005[0m - [33mWARNING[0m - [37m[MainThread] UM.View.RenderBatch.addItem [166]: Tried to add an item to batch without mesh[0m
[35m2026-09-30 14:37:53,023[0m - [33mWARNING[0m - [37m[MainThread] UM.View.RenderBatch.addItem [166]: Tried to add an item to batch without mesh[0m
[35m2026-09-30 14:37:53,039[0m - [33mWARNING[0m - [37m[MainThread] UM.View.RenderBatch.addItem [166]: Tried to add an item to batch without mesh[0m
[35m2026-09-30 14:37:53,056[0m - [33mWARNING[0m - [37m[MainThread] UM.View.RenderBatch.addItem [166]: Tried to add an item to batch without mesh[0m
[35m2026-09-30 14:37:53,107[0m - [36mDEBUG[0m - [37m[MainThread] cura.AutoSave._onTimeout [64]: Autosaving preferences, instances and profiles took 0.005205392837524414 seconds[0m
[35m2026-09-30 14:37:53,189[0m - [33mWARNING[0m - [37m[MainThread] UM.View.RenderBatch.addItem [166]: Tried to add an item to batch without mesh[0m
[35m2026-09-30 14:37:53,197[0m - [33mWARNING[0m - [37m[MainThread] UM.View.RenderBatch.addItem [166]: Tried to add an item to batch without mesh[0m
[35m2026-09-30 14:37:53,206[0m - [33mWARNING[0m - [37m[MainThread] UM.View.RenderBatch.addItem [166]: Tried to add an item to batch without mesh[0m
[35m2026-09-30 14:37:53,222[0m - [33mWARNING[0m - [37m[MainThread] UM.View.RenderBatch.addItem [166]: Tried to add an item to batch without mesh[0m
[35m2026-09-30 14:37:53,239[0m - [33mWARNING[0m - [37m[MainThread] UM.View.RenderBatch.addItem [166]: Tried to add an item to batch without mesh[0m
[35m2026-09-30 14:37:53,255[0m - [33mWARNING[0m - [37m[MainThread] UM.View.RenderBatch.addItem [166]: Tried to add an item to batch without mesh[0m
[35m2026-09-30 14:37:53,271[0m - [33mWARNING[0m - [37m[MainThread] UM.View.RenderBatch.addItem [166]: Tried to add an item to batch without mesh[0m
[35m2026-09-30 14:37:53,289[0m - [33mWARNING[0m - [37m[MainThread] UM.View.RenderBatch.addItem [166]: Tried to add an item to batch without mesh[0m
[35m2026-09-30 14:37:53,305[0m - [33mWARNING[0m - [37m[MainThread] UM.View.RenderBatch.addItem [166]: Tried to add an item to batch without mesh[0m
[35m2026-09-30 14:37:53,321[0m - [33mWARNING[0m - [37m[MainThread] UM.View.RenderBatch.addItem [166]: Tried to add an item to batch without mesh[0m
[35m2026-09-30 14:37:53,338[0m - [33mWARNING[0m - [37m[MainThread] UM.View.RenderBatch.addItem [166]: Tried to add an item to batch without mesh[0m
[35m2026-09-30 14:37:53,355[0m - [33mWARNING[0m - [37m[MainThread] UM.View.RenderBatch.addItem [166]: Tried to add an item to batch without mesh[0m
[35m2026-09-30 14:37:53,371[0m - [33mWARNING[0m - [37m[MainThread] UM.View.RenderBatch.addItem [166]: Tried to add an item to batch without mesh[0m
[35m2026-09-30 14:37:53,389[0m - [33mWARNING[0m - [37m[MainThread] UM.View.RenderBatch.addItem [166]: Tried to add an item to batch without mesh[0m
[35m2026-09-30 14:37:53,405[0m - [33mWARNING[0m - [37m[MainThread] UM.View.RenderBatch.addItem [166]: Tried to add an item to batch without mesh[0m
[35m2026-09-30 14:37:53,422[0m - [33mWARNING[0m - [37m[MainThread] UM.View.RenderBatch.addItem [166]: Tried to add an item to batch without mesh[0m
[35m2026-09-30 14:37:53,438[0m - [33mWARNING[0m - [37m[MainThread] UM.View.RenderBatch.addItem [166]: Tried to add an item to batch without mesh[0m
[35m2026-09-30 14:37:53,455[0m - [33mWARNING[0m - [37m[MainThread] UM.View.RenderBatch.addItem [166]: Tried to add an item to batch without mesh[0m
[35m2026-09-30 14:37:53,471[0m - [33mWARNING[0m - [37m[MainThread] UM.View.RenderBatch.addItem [166]: Tried to add an item to batch without mesh[0m
[35m2026-09-30 14:37:53,488[0m - [33mWARNING[0m - [37m[MainThread] UM.View.RenderBatch.addItem [166]: Tried to add an item to batch without mesh[0m
[35m2026-09-30 14:37:53,505[0m - [33mWARNING[0m - [37m[MainThread] UM.View.RenderBatch.addItem [166]: Tried to add an item to batch without mesh[0m
[35m2026-09-30 14:37:53,521[0m - [33mWARNING[0m - [37m[MainThread] UM.View.RenderBatch.addItem [166]: Tried to add an item to batch without mesh[0m
[35m2026-09-30 14:37:53,538[0m - [33mWARNING[0m - [37m[MainThread] UM.View.RenderBatch.addItem [166]: Tried to add an item to batch without mesh[0m
[35m2026-09-30 14:37:53,555[0m - [33mWARNING[0m - [37m[MainThread] UM.View.RenderBatch.addItem [166]: Tried to add an item to batch without mesh[0m
[35m2026-09-30 14:37:53,571[0m - [33mWARNING[0m - [37m[MainThread] UM.View.RenderBatch.addItem [166]: Tried to add an item to batch without mesh[0m
[35m2026-09-30 14:37:53,588[0m - [33mWARNING[0m - [37m[MainThread] UM.View.RenderBatch.addItem [166]: Tried to add an item to batch without mesh[0m
[35m2026-09-30 14:37:53,605[0m - [33mWARNING[0m - [37m[MainThread] UM.View.RenderBatch.addItem [166]: Tried to add an item to batch without mesh[0m
[35m2026-09-30 14:37:53,621[0m - [33mWARNING[0m - [37m[MainThread] UM.View.RenderBatch.addItem [166]: Tried to add an item to batch without mesh[0m
[35m2026-09-30 14:37:53,638[0m - [33mWARNING[0m - [37m[MainThread] UM.View.RenderBatch.addItem [166]: Tried to add an item to batch without mesh[0m
[35m2026-09-30 14:37:53,655[0m - [33mWARNING[0m - [37m[MainThread] UM.View.RenderBatch.addItem [166]: Tried to add an item to batch without mesh[0m
[35m2026-09-30 14:37:53,671[0m - [33mWARNING[0m - [37m[MainThread] UM.View.RenderBatch.addItem [166]: Tried to add an item to batch without mesh[0m
[35m2026-09-30 14:37:53,688[0m - [33mWARNING[0m - [37m[MainThread] UM.View.RenderBatch.addItem [166]: Tried to add an item to batch without mesh[0m
[35m2026-09-30 14:37:53,705[0m - [33mWARNING[0m - [37m[MainThread] UM.View.RenderBatch.addItem [166]: Tried to add an item to batch without mesh[0m
[35m2026-09-30 14:37:53,721[0m - [33mWARNING[0m - [37m[MainThread] UM.View.RenderBatch.addItem [166]: Tried to add an item to batch without mesh[0m
[35m2026-09-30 14:37:53,738[0m - [33mWARNING[0m - [37m[MainThread] UM.View.RenderBatch.addItem [166]: Tried to add an item to batch without mesh[0m
[35m2026-09-30 14:37:53,755[0m - [33mWARNING[0m - [37m[MainThread] UM.View.RenderBatch.addItem [166]: Tried to add an item to batch without mesh[0m
[35m2026-09-30 14:37:53,771[0m - [33mWARNING[0m - [37m[MainThread] UM.View.RenderBatch.addItem [166]: Tried to add an item to batch without mesh[0m
[35m2026-09-30 14:37:53,788[0m - [33mWARNING[0m - [37m[MainThread] UM.View.RenderBatch.addItem [166]: Tried to add an item to batch without mesh[0m
[35m2026-09-30 14:37:53,805[0m - [33mWARNING[0m - [37m[MainThread] UM.View.RenderBatch.addItem [166]: Tried to add an item to batch without mesh[0m
[35m2026-09-30 14:37:53,821[0m - [33mWARNING[0m - [37m[MainThread] UM.View.RenderBatch.addItem [166]: Tried to add an item to batch without mesh[0m
[35m2026-09-30 14:37:53,838[0m - [33mWARNING[0m - [37m[MainThread] UM.View.RenderBatch.addItem [166]: Tried to add an item to batch without mesh[0m
[35m2026-09-30 14:37:53,855[0m - [33mWARNING[0m - [37m[MainThread] UM.View.RenderBatch.addItem [166]: Tried to add an item to batch without mesh[0m
[35m2026-09-30 14:37:53,871[0m - [33mWARNING[0m - [37m[MainThread] UM.View.RenderBatch.addItem [166]: Tried to add an item to batch without mesh[0m
[35m2026-09-30 14:37:53,888[0m - [33mWARNING[0m - [37m[MainThread] UM.View.RenderBatch.addItem [166]: Tried to add an item to batch without mesh[0m
[35m2026-09-30 14:37:53,905[0m - [33mWARNING[0m - [37m[MainThread] UM.View.RenderBatch.addItem [166]: Tried to add an item to batch without mesh[0m
[35m2026-09-30 14:37:53,921[0m - [33mWARNING[0m - [37m[MainThread] UM.View.RenderBatch.addItem [166]: Tried to add an item to batch without mesh[0m
[35m2026-09-30 14:37:53,938[0m - [33mWARNING[0m - [37m[MainThread] UM.View.RenderBatch.addItem [166]: Tried to add an item to batch without mesh[0m
[35m2026-09-30 14:37:53,954[0m - [33mWARNING[0m - [37m[MainThread] UM.View.RenderBatch.addItem [166]: Tried to add an item to batch without mesh[0m
[35m2026-09-30 14:37:53,971[0m - [33mWARNING[0m - [37m[MainThread] UM.View.RenderBatch.addItem [166]: Tried to add an item to batch without mesh[0m
[35m2026-09-30 14:37:53,988[0m - [33mWARNING[0m - [37m[MainThread] UM.View.RenderBatch.addItem [166]: Tried to add an item to batch without mesh[0m
[35m2026-09-30 14:37:54,004[0m - [33mWARNING[0m - [37m[MainThread] UM.View.RenderBatch.addItem [166]: Tried to add an item to batch without mesh[0m
[35m2026-09-30 14:37:54,021[0m - [33mWARNING[0m - [37m[MainThread] UM.View.RenderBatch.addItem [166]: Tried to add an item to batch without mesh[0m
[35m2026-09-30 14:37:54,038[0m - [33mWARNING[0m - [37m[MainThread] UM.View.RenderBatch.addItem [166]: Tried to add an item to batch without mesh[0m
[35m2026-09-30 14:37:54,054[0m - [33mWARNING[0m - [37m[MainThread] UM.View.RenderBatch.addItem [166]: Tried to add an item to batch without mesh[0m
[35m2026-09-30 14:37:54,071[0m - [33mWARNING[0m - [37m[MainThread] UM.View.RenderBatch.addItem [166]: Tried to add an item to batch without mesh[0m
[35m2026-09-30 14:37:54,088[0m - [33mWARNING[0m - [37m[MainThread] UM.View.RenderBatch.addItem [166]: Tried to add an item to batch without mesh[0m
[35m2026-09-30 14:37:54,105[0m - [33mWARNING[0m - [37m[MainThread] UM.View.RenderBatch.addItem [166]: Tried to add an item to batch without mesh[0m
[35m2026-09-30 14:37:54,121[0m - [33mWARNING[0m - [37m[MainThread] UM.View.RenderBatch.addItem [166]: Tried to add an item to batch without mesh[0m
[35m2026-09-30 14:37:54,138[0m - [33mWARNING[0m - [37m[MainThread] UM.View.RenderBatch.addItem [166]: Tried to add an item to batch without mesh[0m
[35m2026-09-30 14:37:54,154[0m - [33mWARNING[0m - [37m[MainThread] UM.View.RenderBatch.addItem [166]: Tried to add an item to batch without mesh[0m
[35m2026-09-30 14:37:54,171[0m - [33mWARNING[0m - [37m[MainThread] UM.View.RenderBatch.addItem [166]: Tried to add an item to batch without mesh[0m
[35m2026-09-30 14:37:54,188[0m - [33mWARNING[0m - [37m[MainThread] UM.View.RenderBatch.addItem [166]: Tried to add an item to batch without mesh[0m
[35m2026-09-30 14:37:54,205[0m - [33mWARNING[0m - [37m[MainThread] UM.View.RenderBatch.addItem [166]: Tried to add an item to batch without mesh[0m
[35m2026-09-30 14:37:54,221[0m - [33mWARNING[0m - [37m[MainThread] UM.View.RenderBatch.addItem [166]: Tried to add an item to batch without mesh[0m
[35m2026-09-30 14:37:54,238[0m - [33mWARNING[0m - [37m[MainThread] UM.View.RenderBatch.addItem [166]: Tried to add an item to batch without mesh[0m
[35m2026-09-30 14:37:54,254[0m - [33mWARNING[0m - [37m[MainThread] UM.View.RenderBatch.addItem [166]: Tried to add an item to batch without mesh[0m
[35m2026-09-30 14:37:54,271[0m - [33mWARNING[0m - [37m[MainThread] UM.View.RenderBatch.addItem [166]: Tried to add an item to batch without mesh[0m
[35m2026-09-30 14:37:54,288[0m - [33mWARNING[0m - [37m[MainThread] UM.View.RenderBatch.addItem [166]: Tried to add an item to batch without mesh[0m
[35m2026-09-30 14:37:54,305[0m - [33mWARNING[0m - [37m[MainThread] UM.View.RenderBatch.addItem [166]: Tried to add an item to batch without mesh[0m
[35m2026-09-30 14:37:54,321[0m - [33mWARNING[0m - [37m[MainThread] UM.View.RenderBatch.addItem [166]: Tried to add an item to batch without mesh[0m
[35m2026-09-30 14:37:54,338[0m - [33mWARNING[0m - [37m[MainThread] UM.View.RenderBatch.addItem [166]: Tried to add an item to batch without mesh[0m
[35m2026-09-30 14:37:54,354[0m - [33mWARNING[0m - [37m[MainThread] UM.View.RenderBatch.addItem [166]: Tried to add an item to batch without mesh[0m
[35m2026-09-30 14:37:54,371[0m - [33mWARNING[0m - [37m[MainThread] UM.View.RenderBatch.addItem [166]: Tried to add an item to batch without mesh[0m
[35m2026-09-30 14:37:54,388[0m - [33mWARNING[0m - [37m[MainThread] UM.View.RenderBatch.addItem [166]: Tried to add an item to batch without mesh[0m
[35m2026-09-30 14:37:54,404[0m - [33mWARNING[0m - [37m[MainThread] UM.View.RenderBatch.addItem [166]: Tried to add an item to batch without mesh[0m
[35m2026-09-30 14:37:54,421[0m - [33mWARNING[0m - [37m[MainThread] UM.View.RenderBatch.addItem [166]: Tried to add an item to batch without mesh[0m
[35m2026-09-30 14:37:54,438[0m - [33mWARNING[0m - [37m[MainThread] UM.View.RenderBatch.addItem [166]: Tried to add an item to batch without mesh[0m
[35m2026-09-30 14:37:54,455[0m - [33mWARNING[0m - [37m[MainThread] UM.View.RenderBatch.addItem [166]: Tried to add an item to batch without mesh[0m
[35m2026-09-30 14:37:54,471[0m - [33mWARNING[0m - [37m[MainThread] UM.View.RenderBatch.addItem [166]: Tried to add an item to batch without mesh[0m
[35m2026-09-30 14:37:54,488[0m - [33mWARNING[0m - [37m[MainThread] UM.View.RenderBatch.addItem [166]: Tried to add an item to batch without mesh[0m
[35m2026-09-30 14:37:54,504[0m - [33mWARNING[0m - [37m[MainThread] UM.View.RenderBatch.addItem [166]: Tried to add an item to batch without mesh[0m
[35m2026-09-30 14:37:54,521[0m - [33mWARNING[0m - [37m[MainThread] UM.View.RenderBatch.addItem [166]: Tried to add an item to batch without mesh[0m
[35m2026-09-30 14:37:54,538[0m - [33mWARNING[0m - [37m[MainThread] UM.View.RenderBatch.addItem [166]: Tried to add an item to batch without mesh[0m
[35m2026-09-30 14:37:54,554[0m - [33mWARNING[0m - [37m[MainThread] UM.View.RenderBatch.addItem [166]: Tried to add an item to batch without mesh[0m
[35m2026-09-30 14:37:54,571[0m - [33mWARNING[0m - [37m[MainThread] UM.View.RenderBatch.addItem [166]: Tried to add an item to batch without mesh[0m
[35m2026-09-30 14:37:54,588[0m - [33mWARNING[0m - [37m[MainThread] UM.View.RenderBatch.addItem [166]: Tried to add an item to batch without mesh[0m
[35m2026-09-30 14:37:54,604[0m - [33mWARNING[0m - [37m[MainThread] UM.View.RenderBatch.addItem [166]: Tried to add an item to batch without mesh[0m
[35m2026-09-30 14:37:54,621[0m - [33mWARNING[0m - [37m[MainThread] UM.View.RenderBatch.addItem [166]: Tried to add an item to batch without mesh[0m
[35m2026-09-30 14:37:54,638[0m - [33mWARNING[0m - [37m[MainThread] UM.View.RenderBatch.addItem [166]: Tried to add an item to batch without mesh[0m
[35m2026-09-30 14:37:54,654[0m - [33mWARNING[0m - [37m[MainThread] UM.View.RenderBatch.addItem [166]: Tried to add an item to batch without mesh[0m
[35m2026-09-30 14:37:54,671[0m - [33mWARNING[0m - [37m[MainThread] UM.View.RenderBatch.addItem [166]: Tried to add an item to batch without mesh[0m
[35m2026-09-30 14:37:54,688[0m - [33mWARNING[0m - [37m[MainThread] UM.View.RenderBatch.addItem [166]: Tried to add an item to batch without mesh[0m
[35m2026-09-30 14:37:54,704[0m - [33mWARNING[0m - [37m[MainThread] UM.View.RenderBatch.addItem [166]: Tried to add an item to batch without mesh[0m
[35m2026-09-30 14:37:54,721[0m - [33mWARNING[0m - [37m[MainThread] UM.View.RenderBatch.addItem [166]: Tried to add an item to batch without mesh[0m
[35m2026-09-30 14:37:54,738[0m - [33mWARNING[0m - [37m[MainThread] UM.View.RenderBatch.addItem [166]: Tried to add an item to batch without mesh[0m
[35m2026-09-30 14:37:54,754[0m - [33mWARNING[0m - [37m[MainThread] UM.View.RenderBatch.addItem [166]: Tried to add an item to batch without mesh[0m
[35m2026-09-30 14:37:54,771[0m - [33mWARNING[0m - [37m[MainThread] UM.View.RenderBatch.addItem [166]: Tried to add an item to batch without mesh[0m
[35m2026-09-30 14:37:54,788[0m - [33mWARNING[0m - [37m[MainThread] UM.View.RenderBatch.addItem [166]: Tried to add an item to batch without mesh[0m
[35m2026-09-30 14:37:54,804[0m - [33mWARNING[0m - [37m[MainThread] UM.View.RenderBatch.addItem [166]: Tried to add an item to batch without mesh[0m
[35m2026-09-30 14:37:54,821[0m - [33mWARNING[0m - [37m[MainThread] UM.View.RenderBatch.addItem [166]: Tried to add an item to batch without mesh[0m
[35m2026-09-30 14:37:54,838[0m - [33mWARNING[0m - [37m[MainThread] UM.View.RenderBatch.addItem [166]: Tried to add an item to batch without mesh[0m
[35m2026-09-30 14:37:54,854[0m - [33mWARNING[0m - [37m[MainThread] UM.View.RenderBatch.addItem [166]: Tried to add an item to batch without mesh[0m
[35m2026-09-30 14:37:54,871[0m - [33mWARNING[0m - [37m[MainThread] UM.View.RenderBatch.addItem [166]: Tried to add an item to batch without mesh[0m
[35m2026-09-30 14:37:54,888[0m - [33mWARNING[0m - [37m[MainThread] UM.View.RenderBatch.addItem [166]: Tried to add an item to batch without mesh[0m
[35m2026-09-30 14:37:54,904[0m - [33mWARNING[0m - [37m[MainThread] UM.View.RenderBatch.addItem [166]: Tried to add an item to batch without mesh[0m
[35m2026-09-30 14:37:54,921[0m - [33mWARNING[0m - [37m[MainThread] UM.View.RenderBatch.addItem [166]: Tried to add an item to batch without mesh[0m
[35m2026-09-30 14:37:54,938[0m - [33mWARNING[0m - [37m[MainThread] UM.View.RenderBatch.addItem [166]: Tried to add an item to batch without mesh[0m
[35m2026-09-30 14:37:54,954[0m - [33mWARNING[0m - [37m[MainThread] UM.View.RenderBatch.addItem [166]: Tried to add an item to batch without mesh[0m
[35m2026-09-30 14:37:54,971[0m - [33mWARNING[0m - [37m[MainThread] UM.View.RenderBatch.addItem [166]: Tried to add an item to batch without mesh[0m
[35m2026-09-30 14:37:54,987[0m - [33mWARNING[0m - [37m[MainThread] UM.View.RenderBatch.addItem [166]: Tried to add an item to batch without mesh[0m
[35m2026-09-30 14:37:55,004[0m - [33mWARNING[0m - [37m[MainThread] UM.View.RenderBatch.addItem [166]: Tried to add an item to batch without mesh[0m
[35m2026-09-30 14:37:55,021[0m - [33mWARNING[0m - [37m[MainThread] UM.View.RenderBatch.addItem [166]: Tried to add an item to batch without mesh[0m
[35m2026-09-30 14:37:55,037[0m - [33mWARNING[0m - [37m[MainThread] UM.View.RenderBatch.addItem [166]: Tried to add an item to batch without mesh[0m
[35m2026-09-30 14:37:55,054[0m - [33mWARNING[0m - [37m[MainThread] UM.View.RenderBatch.addItem [166]: Tried to add an item to batch without mesh[0m
[35m2026-09-30 14:37:55,070[0m - [33mWARNING[0m - [37m[MainThread] UM.View.RenderBatch.addItem [166]: Tried to add an item to batch without mesh[0m
[35m2026-09-30 14:37:55,088[0m - [33mWARNING[0m - [37m[MainThread] UM.View.RenderBatch.addItem [166]: Tried to add an item to batch without mesh[0m
[35m2026-09-30 14:37:55,104[0m - [33mWARNING[0m - [37m[MainThread] UM.View.RenderBatch.addItem [166]: Tried to add an item to batch without mesh[0m
[35m2026-09-30 14:37:55,121[0m - [33mWARNING[0m - [37m[MainThread] UM.View.RenderBatch.addItem [166]: Tried to add an item to batch without mesh[0m
[35m2026-09-30 14:37:55,137[0m - [33mWARNING[0m - [37m[MainThread] UM.View.RenderBatch.addItem [166]: Tried to add an item to batch without mesh[0m
[35m2026-09-30 14:37:55,155[0m - [33mWARNING[0m - [37m[MainThread] UM.View.RenderBatch.addItem [166]: Tried to add an item to batch without mesh[0m
[35m2026-09-30 14:37:55,171[0m - [33mWARNING[0m - [37m[MainThread] UM.View.RenderBatch.addItem [166]: Tried to add an item to batch without mesh[0m
[35m2026-09-30 14:37:55,187[0m - [33mWARNING[0m - [37m[MainThread] UM.View.RenderBatch.addItem [166]: Tried to add an item to batch without mesh[0m
[35m2026-09-30 14:37:55,204[0m - [33mWARNING[0m - [37m[MainThread] UM.View.RenderBatch.addItem [166]: Tried to add an item to batch without mesh[0m
[35m2026-09-30 14:37:55,222[0m - [33mWARNING[0m - [37m[MainThread] UM.View.RenderBatch.addItem [166]: Tried to add an item to batch without mesh[0m
[35m2026-09-30 14:37:55,238[0m - [33mWARNING[0m - [37m[MainThread] UM.View.RenderBatch.addItem [166]: Tried to add an item to batch without mesh[0m
[35m2026-09-30 14:37:55,254[0m - [33mWARNING[0m - [37m[MainThread] UM.View.RenderBatch.addItem [166]: Tried to add an item to batch without mesh[0m
[35m2026-09-30 14:37:55,271[0m - [33mWARNING[0m - [37m[MainThread] UM.View.RenderBatch.addItem [166]: Tried to add an item to batch without mesh[0m
[35m2026-09-30 14:37:55,287[0m - [33mWARNING[0m - [37m[MainThread] UM.View.RenderBatch.addItem [166]: Tried to add an item to batch without mesh[0m
[35m2026-09-30 14:37:55,304[0m - [33mWARNING[0m - [37m[MainThread] UM.View.RenderBatch.addItem [166]: Tried to add an item to batch without mesh[0m
[35m2026-09-30 14:37:55,321[0m - [33mWARNING[0m - [37m[MainThread] UM.View.RenderBatch.addItem [166]: Tried to add an item to batch without mesh[0m
[35m2026-09-30 14:37:55,337[0m - [33mWARNING[0m - [37m[MainThread] UM.View.RenderBatch.addItem [166]: Tried to add an item to batch without mesh[0m
[35m2026-09-30 14:37:55,354[0m - [33mWARNING[0m - [37m[MainThread] UM.View.RenderBatch.addItem [166]: Tried to add an item to batch without mesh[0m
[35m2026-09-30 14:37:55,371[0m - [33mWARNING[0m - [37m[MainThread] UM.View.RenderBatch.addItem [166]: Tried to add an item to batch without mesh[0m
[35m2026-09-30 14:37:55,387[0m - [33mWARNING[0m - [37m[MainThread] UM.View.RenderBatch.addItem [166]: Tried to add an item to batch without mesh[0m
[35m2026-09-30 14:37:55,404[0m - [33mWARNING[0m - [37m[MainThread] UM.View.RenderBatch.addItem [166]: Tried to add an item to batch without mesh[0m
[35m2026-09-30 14:37:55,421[0m - [33mWARNING[0m - [37m[MainThread] UM.View.RenderBatch.addItem [166]: Tried to add an item to batch without mesh[0m
[35m2026-09-30 14:37:55,437[0m - [33mWARNING[0m - [37m[MainThread] UM.View.RenderBatch.addItem [166]: Tried to add an item to batch without mesh[0m
[35m2026-09-30 14:37:55,454[0m - [33mWARNING[0m - [37m[MainThread] UM.View.RenderBatch.addItem [166]: Tried to add an item to batch without mesh[0m
[35m2026-09-30 14:37:55,471[0m - [33mWARNING[0m - [37m[MainThread] UM.View.RenderBatch.addItem [166]: Tried to add an item to batch without mesh[0m
[35m2026-09-30 14:37:55,487[0m - [33mWARNING[0m - [37m[MainThread] UM.View.RenderBatch.addItem [166]: Tried to add an item to batch without mesh[0m
[35m2026-09-30 14:37:55,504[0m - [33mWARNING[0m - [37m[MainThread] UM.View.RenderBatch.addItem [166]: Tried to add an item to batch without mesh[0m
[35m2026-09-30 14:37:55,521[0m - [33mWARNING[0m - [37m[MainThread] UM.View.RenderBatch.addItem [166]: Tried to add an item to batch without mesh[0m
[35m2026-09-30 14:37:55,538[0m - [33mWARNING[0m - [37m[MainThread] UM.View.RenderBatch.addItem [166]: Tried to add an item to batch without mesh[0m
[35m2026-09-30 14:37:55,554[0m - [33mWARNING[0m - [37m[MainThread] UM.View.RenderBatch.addItem [166]: Tried to add an item to batch without mesh[0m
[35m2026-09-30 14:37:55,570[0m - [33mWARNING[0m - [37m[MainThread] UM.View.RenderBatch.addItem [166]: Tried to add an item to batch without mesh[0m
[35m2026-09-30 14:37:55,587[0m - [33mWARNING[0m - [37m[MainThread] UM.View.RenderBatch.addItem [166]: Tried to add an item to batch without mesh[0m
[35m2026-09-30 14:37:55,604[0m - [33mWARNING[0m - [37m[MainThread] UM.View.RenderBatch.addItem [166]: Tried to add an item to batch without mesh[0m
[35m2026-09-30 14:37:55,621[0m - [33mWARNING[0m - [37m[MainThread] UM.View.RenderBatch.addItem [166]: Tried to add an item to batch without mesh[0m
[35m2026-09-30 14:37:55,637[0m - [33mWARNING[0m - [37m[MainThread] UM.View.RenderBatch.addItem [166]: Tried to add an item to batch without mesh[0m
[35m2026-09-30 14:37:55,654[0m - [33mWARNING[0m - [37m[MainThread] UM.View.RenderBatch.addItem [166]: Tried to add an item to batch without mesh[0m
[35m2026-09-30 14:37:55,670[0m - [33mWARNING[0m - [37m[MainThread] UM.View.RenderBatch.addItem [166]: Tried to add an item to batch without mesh[0m
[35m2026-09-30 14:37:55,687[0m - [33mWARNING[0m - [37m[MainThread] UM.View.RenderBatch.addItem [166]: Tried to add an item to batch without mesh[0m
[35m2026-09-30 14:37:55,704[0m - [33mWARNING[0m - [37m[MainThread] UM.View.RenderBatch.addItem [166]: Tried to add an item to batch without mesh[0m
[35m2026-09-30 14:37:55,724[0m - [33mWARNING[0m - [37m[MainThread] UM.View.RenderBatch.addItem [166]: Tried to add an item to batch without mesh[0m
[35m2026-09-30 14:37:55,773[0m - [33mWARNING[0m - [37m[MainThread] UM.View.RenderBatch.addItem [166]: Tried to add an item to batch without mesh[0m
[35m2026-09-30 14:37:55,787[0m - [33mWARNING[0m - [37m[MainThread] UM.View.RenderBatch.addItem [166]: Tried to add an item to batch without mesh[0m
[35m2026-09-30 14:37:56,048[0m - [33mWARNING[0m - [37m[MainThread] UM.View.RenderBatch.addItem [166]: Tried to add an item to batch without mesh[0m
[35m2026-09-30 14:37:56,058[0m - [33mWARNING[0m - [37m[MainThread] UM.View.RenderBatch.addItem [166]: Tried to add an item to batch without mesh[0m
[35m2026-09-30 14:37:56,071[0m - [33mWARNING[0m - [37m[MainThread] UM.View.RenderBatch.addItem [166]: Tried to add an item to batch without mesh[0m
[35m2026-09-30 14:38:16,644[0m - [36mDEBUG[0m - [37m[MainThread] UM3NetworkPrinting.src.Cloud.CloudOutputDeviceManager._onGetRemoteClustersFinished [170]: Synced cloud printers with account.[0m
[35m2026-09-30 14:38:22,779[0m - [33mWARNING[0m - [37m[MainThread] UM.View.RenderBatch.addItem [166]: Tried to add an item to batch without mesh[0m
[35m2026-09-30 14:38:22,794[0m - [33mWARNING[0m - [37m[MainThread] UM.View.RenderBatch.addItem [166]: Tried to add an item to batch without mesh[0m
[35m2026-09-30 14:38:22,803[0m - [33mWARNING[0m - [37m[MainThread] UM.View.RenderBatch.addItem [166]: Tried to add an item to batch without mesh[0m
[35m2026-09-30 14:38:22,811[0m - [33mWARNING[0m - [37m[MainThread] UM.View.RenderBatch.addItem [166]: Tried to add an item to batch without mesh[0m
[35m2026-09-30 14:38:22,829[0m - [33mWARNING[0m - [37m[MainThread] UM.View.RenderBatch.addItem [166]: Tried to add an item to batch without mesh[0m
[35m2026-09-30 14:38:22,845[0m - [33mWARNING[0m - [37m[MainThread] UM.View.RenderBatch.addItem [166]: Tried to add an item to batch without mesh[0m
[35m2026-09-30 14:38:22,862[0m - [33mWARNING[0m - [37m[MainThread] UM.View.RenderBatch.addItem [166]: Tried to add an item to batch without mesh[0m
[35m2026-09-30 14:38:22,879[0m - [33mWARNING[0m - [37m[MainThread] UM.View.RenderBatch.addItem [166]: Tried to add an item to batch without mesh[0m
[35m2026-09-30 14:38:22,896[0m - [33mWARNING[0m - [37m[MainThread] UM.View.RenderBatch.addItem [166]: Tried to add an item to batch without mesh[0m
[35m2026-09-30 14:38:22,912[0m - [33mWARNING[0m - [37m[MainThread] UM.View.RenderBatch.addItem [166]: Tried to add an item to batch without mesh[0m
[35m2026-09-30 14:38:22,928[0m - [33mWARNING[0m - [37m[MainThread] UM.View.RenderBatch.addItem [166]: Tried to add an item to batch without mesh[0m
[35m2026-09-30 14:38:22,945[0m - [33mWARNING[0m - [37m[MainThread] UM.View.RenderBatch.addItem [166]: Tried to add an item to batch without mesh[0m
[35m2026-09-30 14:38:22,962[0m - [33mWARNING[0m - [37m[MainThread] UM.View.RenderBatch.addItem [166]: Tried to add an item to batch without mesh[0m
[35m2026-09-30 14:38:22,978[0m - [33mWARNING[0m - [37m[MainThread] UM.View.RenderBatch.addItem [166]: Tried to add an item to batch without mesh[0m
[35m2026-09-30 14:38:23,003[0m - [33mWARNING[0m - [37m[MainThread] UM.View.RenderBatch.addItem [166]: Tried to add an item to batch without mesh[0m
[35m2026-09-30 14:38:23,011[0m - [33mWARNING[0m - [37m[MainThread] UM.View.RenderBatch.addItem [166]: Tried to add an item to batch without mesh[0m
[35m2026-09-30 14:38:23,028[0m - [33mWARNING[0m - [37m[MainThread] UM.View.RenderBatch.addItem [166]: Tried to add an item to batch without mesh[0m
[35m2026-09-30 14:38:23,044[0m - [33mWARNING[0m - [37m[MainThread] UM.View.RenderBatch.addItem [166]: Tried to add an item to batch without mesh[0m
[35m2026-09-30 14:38:23,061[0m - [33mWARNING[0m - [37m[MainThread] UM.View.RenderBatch.addItem [166]: Tried to add an item to batch without mesh[0m
[35m2026-09-30 14:38:23,079[0m - [33mWARNING[0m - [37m[MainThread] UM.View.RenderBatch.addItem [166]: Tried to add an item to batch without mesh[0m
[35m2026-09-30 14:38:23,112[0m - [33mWARNING[0m - [37m[MainThread] UM.View.RenderBatch.addItem [166]: Tried to add an item to batch without mesh[0m
[35m2026-09-30 14:38:23,119[0m - [33mWARNING[0m - [37m[MainThread] UM.View.RenderBatch.addItem [166]: Tried to add an item to batch without mesh[0m
[35m2026-09-30 14:38:23,128[0m - [33mWARNING[0m - [37m[MainThread] UM.View.RenderBatch.addItem [166]: Tried to add an item to batch without mesh[0m
[35m2026-09-30 14:38:23,145[0m - [33mWARNING[0m - [37m[MainThread] UM.View.RenderBatch.addItem [166]: Tried to add an item to batch without mesh[0m
[35m2026-09-30 14:38:23,161[0m - [33mWARNING[0m - [37m[MainThread] UM.View.RenderBatch.addItem [166]: Tried to add an item to batch without mesh[0m
[35m2026-09-30 14:38:23,178[0m - [33mWARNING[0m - [37m[MainThread] UM.View.RenderBatch.addItem [166]: Tried to add an item to batch without mesh[0m
[35m2026-09-30 14:38:23,195[0m - [33mWARNING[0m - [37m[MainThread] UM.View.RenderBatch.addItem [166]: Tried to add an item to batch without mesh[0m
[35m2026-09-30 14:38:23,211[0m - [33mWARNING[0m - [37m[MainThread] UM.View.RenderBatch.addItem [166]: Tried to add an item to batch without mesh[0m
[35m2026-09-30 14:38:23,228[0m - [33mWARNING[0m - [37m[MainThread] UM.View.RenderBatch.addItem [166]: Tried to add an item to batch without mesh[0m
[35m2026-09-30 14:38:23,245[0m - [33mWARNING[0m - [37m[MainThread] UM.View.RenderBatch.addItem [166]: Tried to add an item to batch without mesh[0m
[35m2026-09-30 14:38:23,261[0m - [33mWARNING[0m - [37m[MainThread] UM.View.RenderBatch.addItem [166]: Tried to add an item to batch without mesh[0m
[35m2026-09-30 14:38:23,278[0m - [33mWARNING[0m - [37m[MainThread] UM.View.RenderBatch.addItem [166]: Tried to add an item to batch without mesh[0m
[35m2026-09-30 14:38:23,295[0m - [33mWARNING[0m - [37m[MainThread] UM.View.RenderBatch.addItem [166]: Tried to add an item to batch without mesh[0m
[35m2026-09-30 14:38:23,311[0m - [33mWARNING[0m - [37m[MainThread] UM.View.RenderBatch.addItem [166]: Tried to add an item to batch without mesh[0m
[35m2026-09-30 14:38:23,328[0m - [33mWARNING[0m - [37m[MainThread] UM.View.RenderBatch.addItem [166]: Tried to add an item to batch without mesh[0m
[35m2026-09-30 14:38:23,345[0m - [33mWARNING[0m - [37m[MainThread] UM.View.RenderBatch.addItem [166]: Tried to add an item to batch without mesh[0m
[35m2026-09-30 14:38:23,362[0m - [33mWARNING[0m - [37m[MainThread] UM.View.RenderBatch.addItem [166]: Tried to add an item to batch without mesh[0m
[35m2026-09-30 14:38:23,451[0m - [33mWARNING[0m - [37m[MainThread] UM.View.RenderBatch.addItem [166]: Tried to add an item to batch without mesh[0m
[35m2026-09-30 14:38:23,459[0m - [33mWARNING[0m - [37m[MainThread] UM.View.RenderBatch.addItem [166]: Tried to add an item to batch without mesh[0m
[35m2026-09-30 14:38:23,467[0m - [33mWARNING[0m - [37m[MainThread] UM.View.RenderBatch.addItem [166]: Tried to add an item to batch without mesh[0m
[35m2026-09-30 14:38:23,478[0m - [33mWARNING[0m - [37m[MainThread] UM.View.RenderBatch.addItem [166]: Tried to add an item to batch without mesh[0m
[35m2026-09-30 14:38:23,494[0m - [33mWARNING[0m - [37m[MainThread] UM.View.RenderBatch.addItem [166]: Tried to add an item to batch without mesh[0m
[35m2026-09-30 14:38:23,511[0m - [33mWARNING[0m - [37m[MainThread] UM.View.RenderBatch.addItem [166]: Tried to add an item to batch without mesh[0m
[35m2026-09-30 14:38:23,528[0m - [33mWARNING[0m - [37m[MainThread] UM.View.RenderBatch.addItem [166]: Tried to add an item to batch without mesh[0m
[35m2026-09-30 14:38:23,544[0m - [33mWARNING[0m - [37m[MainThread] UM.View.RenderBatch.addItem [166]: Tried to add an item to batch without mesh[0m
[35m2026-09-30 14:38:23,561[0m - [33mWARNING[0m - [37m[MainThread] UM.View.RenderBatch.addItem [166]: Tried to add an item to batch without mesh[0m
[35m2026-09-30 14:38:23,578[0m - [33mWARNING[0m - [37m[MainThread] UM.View.RenderBatch.addItem [166]: Tried to add an item to batch without mesh[0m
[35m2026-09-30 14:38:23,594[0m - [33mWARNING[0m - [37m[MainThread] UM.View.RenderBatch.addItem [166]: Tried to add an item to batch without mesh[0m
[35m2026-09-30 14:38:23,611[0m - [33mWARNING[0m - [37m[MainThread] UM.View.RenderBatch.addItem [166]: Tried to add an item to batch without mesh[0m
[35m2026-09-30 14:38:23,628[0m - [33mWARNING[0m - [37m[MainThread] UM.View.RenderBatch.addItem [166]: Tried to add an item to batch without mesh[0m
[35m2026-09-30 14:38:23,644[0m - [33mWARNING[0m - [37m[MainThread] UM.View.RenderBatch.addItem [166]: Tried to add an item to batch without mesh[0m
[35m2026-09-30 14:38:23,661[0m - [33mWARNING[0m - [37m[MainThread] UM.View.RenderBatch.addItem [166]: Tried to add an item to batch without mesh[0m
[35m2026-09-30 14:38:23,678[0m - [33mWARNING[0m - [37m[MainThread] UM.View.RenderBatch.addItem [166]: Tried to add an item to batch without mesh[0m
[35m2026-09-30 14:38:23,694[0m - [33mWARNING[0m - [37m[MainThread] UM.View.RenderBatch.addItem [166]: Tried to add an item to batch without mesh[0m
[35m2026-09-30 14:38:23,711[0m - [33mWARNING[0m - [37m[MainThread] UM.View.RenderBatch.addItem [166]: Tried to add an item to batch without mesh[0m
[35m2026-09-30 14:38:23,728[0m - [33mWARNING[0m - [37m[MainThread] UM.View.RenderBatch.addItem [166]: Tried to add an item to batch without mesh[0m
[35m2026-09-30 14:38:23,744[0m - [33mWARNING[0m - [37m[MainThread] UM.View.RenderBatch.addItem [166]: Tried to add an item to batch without mesh[0m
[35m2026-09-30 14:38:23,761[0m - [33mWARNING[0m - [37m[MainThread] UM.View.RenderBatch.addItem [166]: Tried to add an item to batch without mesh[0m
[35m2026-09-30 14:38:23,778[0m - [33mWARNING[0m - [37m[MainThread] UM.View.RenderBatch.addItem [166]: Tried to add an item to batch without mesh[0m
[35m2026-09-30 14:38:23,795[0m - [33mWARNING[0m - [37m[MainThread] UM.View.RenderBatch.addItem [166]: Tried to add an item to batch without mesh[0m
[35m2026-09-30 14:38:23,812[0m - [33mWARNING[0m - [37m[MainThread] UM.View.RenderBatch.addItem [166]: Tried to add an item to batch without mesh[0m
[35m2026-09-30 14:38:23,828[0m - [33mWARNING[0m - [37m[MainThread] UM.View.RenderBatch.addItem [166]: Tried to add an item to batch without mesh[0m
[35m2026-09-30 14:38:23,845[0m - [33mWARNING[0m - [37m[MainThread] UM.View.RenderBatch.addItem [166]: Tried to add an item to batch without mesh[0m
[35m2026-09-30 14:38:23,970[0m - [33mWARNING[0m - [37m[MainThread] UM.View.RenderBatch.addItem [166]: Tried to add an item to batch without mesh[0m
[35m2026-09-30 14:38:23,989[0m - [33mWARNING[0m - [37m[MainThread] UM.View.RenderBatch.addItem [166]: Tried to add an item to batch without mesh[0m
[35m2026-09-30 14:38:24,003[0m - [33mWARNING[0m - [37m[MainThread] UM.View.RenderBatch.addItem [166]: Tried to add an item to batch without mesh[0m
[35m2026-09-30 14:39:17,850[0m - [36mDEBUG[0m - [37m[MainThread] UM3NetworkPrinting.src.Cloud.CloudOutputDeviceManager._onGetRemoteClustersFinished [170]: Synced cloud printers with account.[0m
[35m2026-09-30 14:40:19,392[0m - [36mDEBUG[0m - [37m[MainThread] UM3NetworkPrinting.src.Cloud.CloudOutputDeviceManager._onGetRemoteClustersFinished [170]: Synced cloud printers with account.[0m
[35m2026-09-30 14:41:19,694[0m - [36mDEBUG[0m - [37m[MainThread] UM3NetworkPrinting.src.Cloud.CloudOutputDeviceManager._onGetRemoteClustersFinished [170]: Synced cloud printers with account.[0m
[35m2026-09-30 14:42:20,903[0m - [36mDEBUG[0m - [37m[MainThread] UM3NetworkPrinting.src.Cloud.CloudOutputDeviceManager._onGetRemoteClustersFinished [170]: Synced cloud printers with account.[0m
[35m2026-09-30 14:43:21,729[0m - [36mDEBUG[0m - [37m[MainThread] UM3NetworkPrinting.src.Cloud.CloudOutputDeviceManager._onGetRemoteClustersFinished [170]: Synced cloud printers with account.[0m
[35m2026-09-30 14:44:22,648[0m - [36mDEBUG[0m - [37m[MainThread] UM3NetworkPrinting.src.Cloud.CloudOutputDeviceManager._onGetRemoteClustersFinished [170]: Synced cloud printers with account.[0m
[35m2026-09-30 14:45:23,647[0m - [36mDEBUG[0m - [37m[MainThread] UM3NetworkPrinting.src.Cloud.CloudOutputDeviceManager._onGetRemoteClustersFinished [170]: Synced cloud printers with account.[0m
[35m2026-09-30 14:46:24,851[0m - [36mDEBUG[0m - [37m[MainThread] UM3NetworkPrinting.src.Cloud.CloudOutputDeviceManager._onGetRemoteClustersFinished [170]: Synced cloud printers with account.[0m
[35m2026-09-30 14:47:25,896[0m - [36mDEBUG[0m - [37m[MainThread] UM3NetworkPrinting.src.Cloud.CloudOutputDeviceManager._onGetRemoteClustersFinished [170]: Synced cloud printers with account.[0m
[35m2026-09-30 14:48:26,985[0m - [36mDEBUG[0m - [37m[MainThread] UM3NetworkPrinting.src.Cloud.CloudOutputDeviceManager._onGetRemoteClustersFinished [170]: Synced cloud printers with account.[0m
[35m2026-09-30 14:49:27,679[0m - [36mDEBUG[0m - [37m[MainThread] UM3NetworkPrinting.src.Cloud.CloudOutputDeviceManager._onGetRemoteClustersFinished [170]: Synced cloud printers with account.[0m
[35m2026-09-30 14:50:32,837[0m - [36mDEBUG[0m - [37m[MainThread] UM3NetworkPrinting.src.Cloud.CloudOutputDeviceManager._onGetRemoteClustersFinished [170]: Synced cloud printers with account.[0m
[35m2026-09-30 14:51:33,705[0m - [36mDEBUG[0m - [37m[MainThread] UM3NetworkPrinting.src.Cloud.CloudOutputDeviceManager._onGetRemoteClustersFinished [170]: Synced cloud printers with account.[0m
[35m2026-09-30 14:52:34,877[0m - [36mDEBUG[0m - [37m[MainThread] UM3NetworkPrinting.src.Cloud.CloudOutputDeviceManager._onGetRemoteClustersFinished [170]: Synced cloud printers with account.[0m
[35m2026-09-30 14:53:35,650[0m - [36mDEBUG[0m - [37m[MainThread] UM3NetworkPrinting.src.Cloud.CloudOutputDeviceManager._onGetRemoteClustersFinished [170]: Synced cloud printers with account.[0m
[35m2026-09-30 14:54:36,959[0m - [36mDEBUG[0m - [37m[MainThread] UM3NetworkPrinting.src.Cloud.CloudOutputDeviceManager._onGetRemoteClustersFinished [170]: Synced cloud printers with account.[0m
[35m2026-09-30 14:55:37,890[0m - [36mDEBUG[0m - [37m[MainThread] UM3NetworkPrinting.src.Cloud.CloudOutputDeviceManager._onGetRemoteClustersFinished [170]: Synced cloud printers with account.[0m
[35m2026-09-30 14:56:38,799[0m - [36mDEBUG[0m - [37m[MainThread] UM3NetworkPrinting.src.Cloud.CloudOutputDeviceManager._onGetRemoteClustersFinished [170]: Synced cloud printers with account.[0m
[35m2026-09-30 14:57:39,874[0m - [36mDEBUG[0m - [37m[MainThread] UM3NetworkPrinting.src.Cloud.CloudOutputDeviceManager._onGetRemoteClustersFinished [170]: Synced cloud printers with account.[0m
[35m2026-09-30 14:58:40,878[0m - [36mDEBUG[0m - [37m[MainThread] UM3NetworkPrinting.src.Cloud.CloudOutputDeviceManager._onGetRemoteClustersFinished [170]: Synced cloud printers with account.[0m
[35m2026-09-30 14:59:41,909[0m - [36mDEBUG[0m - [37m[MainThread] UM3NetworkPrinting.src.Cloud.CloudOutputDeviceManager._onGetRemoteClustersFinished [170]: Synced cloud printers with account.[0m
[35m2026-09-30 15:00:42,815[0m - [36mDEBUG[0m - [37m[MainThread] UM3NetworkPrinting.src.Cloud.CloudOutputDeviceManager._onGetRemoteClustersFinished [170]: Synced cloud printers with account.[0m
[35m2026-09-30 15:01:43,848[0m - [36mDEBUG[0m - [37m[MainThread] UM3NetworkPrinting.src.Cloud.CloudOutputDeviceManager._onGetRemoteClustersFinished [170]: Synced cloud printers with account.[0m
[35m2026-09-30 15:02:44,899[0m - [36mDEBUG[0m - [37m[MainThread] UM3NetworkPrinting.src.Cloud.CloudOutputDeviceManager._onGetRemoteClustersFinished [170]: Synced cloud printers with account.[0m
[35m2026-09-30 15:03:45,103[0m - [36mDEBUG[0m - [37m[MainThread] cura.OAuth2.AuthorizationHelpers.getAccessTokenUsingRefreshToken [67]: Refreshing the access token for [https://account.ultimaker.com][0m
[35m2026-09-30 15:03:45,104[0m - [36mDEBUG[0m - [37m[MainThread] cura.OAuth2.AuthorizationService.refreshAccessToken [199]: Was already busy refreshing token. Do not start a new request.[0m
[35m2026-09-30 15:03:47,364[0m - [36mDEBUG[0m - [37m[MainThread] cura.OAuth2.AuthorizationService._storeAuthData [316]: Attempting to store the auth data for [https://account.ultimaker.com][0m
[35m2026-09-30 15:03:48,182[0m - [36mDEBUG[0m - [37m[MainThread] UM3NetworkPrinting.src.Cloud.CloudOutputDeviceManager._onGetRemoteClustersFinished [170]: Synced cloud printers with account.[0m
[35m2026-09-30 15:03:57,109[0m - [36mDEBUG[0m - [37m[MainThread] cura.AutoSave._onTimeout [64]: Autosaving preferences, instances and profiles took 0.005673408508300781 seconds[0m
[35m2026-09-30 15:04:48,878[0m - [36mDEBUG[0m - [37m[MainThread] UM3NetworkPrinting.src.Cloud.CloudOutputDeviceManager._onGetRemoteClustersFinished [170]: Synced cloud printers with account.[0m
[35m2026-09-30 15:05:50,039[0m - [36mDEBUG[0m - [37m[MainThread] UM3NetworkPrinting.src.Cloud.CloudOutputDeviceManager._onGetRemoteClustersFinished [170]: Synced cloud printers with account.[0m
[35m2026-09-30 15:06:50,764[0m - [36mDEBUG[0m - [37m[MainThread] UM3NetworkPrinting.src.Cloud.CloudOutputDeviceManager._onGetRemoteClustersFinished [170]: Synced cloud printers with account.[0m
[35m2026-09-30 15:07:51,796[0m - [36mDEBUG[0m - [37m[MainThread] UM3NetworkPrinting.src.Cloud.CloudOutputDeviceManager._onGetRemoteClustersFinished [170]: Synced cloud printers with account.[0m
[35m2026-09-30 15:08:52,928[0m - [36mDEBUG[0m - [37m[MainThread] UM3NetworkPrinting.src.Cloud.CloudOutputDeviceManager._onGetRemoteClustersFinished [170]: Synced cloud printers with account.[0m
[35m2026-09-30 15:09:53,858[0m - [36mDEBUG[0m - [37m[MainThread] UM3NetworkPrinting.src.Cloud.CloudOutputDeviceManager._onGetRemoteClustersFinished [170]: Synced cloud printers with account.[0m
[35m2026-09-30 15:10:54,985[0m - [36mDEBUG[0m - [37m[MainThread] UM3NetworkPrinting.src.Cloud.CloudOutputDeviceManager._onGetRemoteClustersFinished [170]: Synced cloud printers with account.[0m
[35m2026-09-30 15:11:55,795[0m - [36mDEBUG[0m - [37m[MainThread] UM3NetworkPrinting.src.Cloud.CloudOutputDeviceManager._onGetRemoteClustersFinished [170]: Synced cloud printers with account.[0m
[35m2026-09-30 15:12:56,661[0m - [36mDEBUG[0m - [37m[MainThread] UM3NetworkPrinting.src.Cloud.CloudOutputDeviceManager._onGetRemoteClustersFinished [170]: Synced cloud printers with account.[0m
[35m2026-09-30 15:13:57,877[0m - [36mDEBUG[0m - [37m[MainThread] UM3NetworkPrinting.src.Cloud.CloudOutputDeviceManager._onGetRemoteClustersFinished [170]: Synced cloud printers with account.[0m
[35m2026-09-30 15:14:59,216[0m - [36mDEBUG[0m - [37m[MainThread] UM3NetworkPrinting.src.Cloud.CloudOutputDeviceManager._onGetRemoteClustersFinished [170]: Synced cloud printers with account.[0m
[35m2026-09-30 15:15:59,855[0m - [36mDEBUG[0m - [37m[MainThread] UM3NetworkPrinting.src.Cloud.CloudOutputDeviceManager._onGetRemoteClustersFinished [170]: Synced cloud printers with account.[0m
[35m2026-09-30 15:16:49,892[0m - [33mWARNING[0m - [37m[MainThread] UM.View.RenderBatch.addItem [166]: Tried to add an item to batch without mesh[0m
[35m2026-09-30 15:16:49,907[0m - [33mWARNING[0m - [37m[MainThread] UM.View.RenderBatch.addItem [166]: Tried to add an item to batch without mesh[0m
[35m2026-09-30 15:16:49,915[0m - [33mWARNING[0m - [37m[MainThread] UM.View.RenderBatch.addItem [166]: Tried to add an item to batch without mesh[0m
[35m2026-09-30 15:16:49,926[0m - [33mWARNING[0m - [37m[MainThread] UM.View.RenderBatch.addItem [166]: Tried to add an item to batch without mesh[0m
[35m2026-09-30 15:16:49,943[0m - [33mWARNING[0m - [37m[MainThread] UM.View.RenderBatch.addItem [166]: Tried to add an item to batch without mesh[0m
[35m2026-09-30 15:16:49,960[0m - [33mWARNING[0m - [37m[MainThread] UM.View.RenderBatch.addItem [166]: Tried to add an item to batch without mesh[0m
[35m2026-09-30 15:16:49,976[0m - [33mWARNING[0m - [37m[MainThread] UM.View.RenderBatch.addItem [166]: Tried to add an item to batch without mesh[0m
[35m2026-09-30 15:16:49,993[0m - [33mWARNING[0m - [37m[MainThread] UM.View.RenderBatch.addItem [166]: Tried to add an item to batch without mesh[0m
[35m2026-09-30 15:16:50,010[0m - [33mWARNING[0m - [37m[MainThread] UM.View.RenderBatch.addItem [166]: Tried to add an item to batch without mesh[0m
[35m2026-09-30 15:16:50,027[0m - [33mWARNING[0m - [37m[MainThread] UM.View.RenderBatch.addItem [166]: Tried to add an item to batch without mesh[0m
[35m2026-09-30 15:16:50,043[0m - [33mWARNING[0m - [37m[MainThread] UM.View.RenderBatch.addItem [166]: Tried to add an item to batch without mesh[0m
[35m2026-09-30 15:16:50,060[0m - [33mWARNING[0m - [37m[MainThread] UM.View.RenderBatch.addItem [166]: Tried to add an item to batch without mesh[0m
[35m2026-09-30 15:16:50,077[0m - [33mWARNING[0m - [37m[MainThread] UM.View.RenderBatch.addItem [166]: Tried to add an item to batch without mesh[0m
[35m2026-09-30 15:16:50,093[0m - [33mWARNING[0m - [37m[MainThread] UM.View.RenderBatch.addItem [166]: Tried to add an item to batch without mesh[0m
[35m2026-09-30 15:16:50,191[0m - [33mWARNING[0m - [37m[MainThread] UM.View.RenderBatch.addItem [166]: Tried to add an item to batch without mesh[0m
[35m2026-09-30 15:16:50,200[0m - [33mWARNING[0m - [37m[MainThread] UM.View.RenderBatch.addItem [166]: Tried to add an item to batch without mesh[0m
[35m2026-09-30 15:16:50,210[0m - [33mWARNING[0m - [37m[MainThread] UM.View.RenderBatch.addItem [166]: Tried to add an item to batch without mesh[0m
[35m2026-09-30 15:16:50,226[0m - [33mWARNING[0m - [37m[MainThread] UM.View.RenderBatch.addItem [166]: Tried to add an item to batch without mesh[0m
[35m2026-09-30 15:16:50,243[0m - [33mWARNING[0m - [37m[MainThread] UM.View.RenderBatch.addItem [166]: Tried to add an item to batch without mesh[0m
[35m2026-09-30 15:16:50,260[0m - [33mWARNING[0m - [37m[MainThread] UM.View.RenderBatch.addItem [166]: Tried to add an item to batch without mesh[0m
[35m2026-09-30 15:16:50,276[0m - [33mWARNING[0m - [37m[MainThread] UM.View.RenderBatch.addItem [166]: Tried to add an item to batch without mesh[0m
[35m2026-09-30 15:16:50,293[0m - [33mWARNING[0m - [37m[MainThread] UM.View.RenderBatch.addItem [166]: Tried to add an item to batch without mesh[0m
[35m2026-09-30 15:16:50,310[0m - [33mWARNING[0m - [37m[MainThread] UM.View.RenderBatch.addItem [166]: Tried to add an item to batch without mesh[0m
[35m2026-09-30 15:16:50,326[0m - [33mWARNING[0m - [37m[MainThread] UM.View.RenderBatch.addItem [166]: Tried to add an item to batch without mesh[0m
[35m2026-09-30 15:16:50,346[0m - [33mWARNING[0m - [37m[MainThread] UM.View.RenderBatch.addItem [166]: Tried to add an item to batch without mesh[0m
[35m2026-09-30 15:16:50,375[0m - [33mWARNING[0m - [37m[MainThread] UM.View.RenderBatch.addItem [166]: Tried to add an item to batch without mesh[0m
[35m2026-09-30 15:16:50,387[0m - [33mWARNING[0m - [37m[MainThread] UM.View.RenderBatch.addItem [166]: Tried to add an item to batch without mesh[0m
[35m2026-09-30 15:16:50,397[0m - [33mWARNING[0m - [37m[MainThread] UM.View.RenderBatch.addItem [166]: Tried to add an item to batch without mesh[0m
[35m2026-09-30 15:16:50,409[0m - [33mWARNING[0m - [37m[MainThread] UM.View.RenderBatch.addItem [166]: Tried to add an item to batch without mesh[0m
[35m2026-09-30 15:16:50,426[0m - [33mWARNING[0m - [37m[MainThread] UM.View.RenderBatch.addItem [166]: Tried to add an item to batch without mesh[0m
[35m2026-09-30 15:16:50,443[0m - [33mWARNING[0m - [37m[MainThread] UM.View.RenderBatch.addItem [166]: Tried to add an item to batch without mesh[0m
[35m2026-09-30 15:16:50,459[0m - [33mWARNING[0m - [37m[MainThread] UM.View.RenderBatch.addItem [166]: Tried to add an item to batch without mesh[0m
[35m2026-09-30 15:16:50,476[0m - [33mWARNING[0m - [37m[MainThread] UM.View.RenderBatch.addItem [166]: Tried to add an item to batch without mesh[0m
[35m2026-09-30 15:16:50,493[0m - [33mWARNING[0m - [37m[MainThread] UM.View.RenderBatch.addItem [166]: Tried to add an item to batch without mesh[0m
[35m2026-09-30 15:16:50,510[0m - [33mWARNING[0m - [37m[MainThread] UM.View.RenderBatch.addItem [166]: Tried to add an item to batch without mesh[0m
[35m2026-09-30 15:16:50,526[0m - [33mWARNING[0m - [37m[MainThread] UM.View.RenderBatch.addItem [166]: Tried to add an item to batch without mesh[0m
[35m2026-09-30 15:16:50,543[0m - [33mWARNING[0m - [37m[MainThread] UM.View.RenderBatch.addItem [166]: Tried to add an item to batch without mesh[0m
[35m2026-09-30 15:16:50,559[0m - [33mWARNING[0m - [37m[MainThread] UM.View.RenderBatch.addItem [166]: Tried to add an item to batch without mesh[0m
[35m2026-09-30 15:16:50,576[0m - [33mWARNING[0m - [37m[MainThread] UM.View.RenderBatch.addItem [166]: Tried to add an item to batch without mesh[0m
[35m2026-09-30 15:16:50,593[0m - [33mWARNING[0m - [37m[MainThread] UM.View.RenderBatch.addItem [166]: Tried to add an item to batch without mesh[0m
[35m2026-09-30 15:16:50,609[0m - [33mWARNING[0m - [37m[MainThread] UM.View.RenderBatch.addItem [166]: Tried to add an item to batch without mesh[0m
[35m2026-09-30 15:16:50,626[0m - [33mWARNING[0m - [37m[MainThread] UM.View.RenderBatch.addItem [166]: Tried to add an item to batch without mesh[0m
[35m2026-09-30 15:16:50,642[0m - [33mWARNING[0m - [37m[MainThread] UM.View.RenderBatch.addItem [166]: Tried to add an item to batch without mesh[0m
[35m2026-09-30 15:16:50,659[0m - [33mWARNING[0m - [37m[MainThread] UM.View.RenderBatch.addItem [166]: Tried to add an item to batch without mesh[0m
[35m2026-09-30 15:16:50,676[0m - [33mWARNING[0m - [37m[MainThread] UM.View.RenderBatch.addItem [166]: Tried to add an item to batch without mesh[0m
[35m2026-09-30 15:16:50,693[0m - [33mWARNING[0m - [37m[MainThread] UM.View.RenderBatch.addItem [166]: Tried to add an item to batch without mesh[0m
[35m2026-09-30 15:16:50,709[0m - [33mWARNING[0m - [37m[MainThread] UM.View.RenderBatch.addItem [166]: Tried to add an item to batch without mesh[0m
[35m2026-09-30 15:16:50,726[0m - [33mWARNING[0m - [37m[MainThread] UM.View.RenderBatch.addItem [166]: Tried to add an item to batch without mesh[0m
[35m2026-09-30 15:16:50,743[0m - [33mWARNING[0m - [37m[MainThread] UM.View.RenderBatch.addItem [166]: Tried to add an item to batch without mesh[0m
[35m2026-09-30 15:16:50,760[0m - [33mWARNING[0m - [37m[MainThread] UM.View.RenderBatch.addItem [166]: Tried to add an item to batch without mesh[0m
[35m2026-09-30 15:16:50,776[0m - [33mWARNING[0m - [37m[MainThread] UM.View.RenderBatch.addItem [166]: Tried to add an item to batch without mesh[0m
[35m2026-09-30 15:16:50,793[0m - [33mWARNING[0m - [37m[MainThread] UM.View.RenderBatch.addItem [166]: Tried to add an item to batch without mesh[0m
[35m2026-09-30 15:16:50,809[0m - [33mWARNING[0m - [37m[MainThread] UM.View.RenderBatch.addItem [166]: Tried to add an item to batch without mesh[0m
[35m2026-09-30 15:16:50,826[0m - [33mWARNING[0m - [37m[MainThread] UM.View.RenderBatch.addItem [166]: Tried to add an item to batch without mesh[0m
[35m2026-09-30 15:16:50,842[0m - [33mWARNING[0m - [37m[MainThread] UM.View.RenderBatch.addItem [166]: Tried to add an item to batch without mesh[0m
[35m2026-09-30 15:16:50,859[0m - [33mWARNING[0m - [37m[MainThread] UM.View.RenderBatch.addItem [166]: Tried to add an item to batch without mesh[0m
[35m2026-09-30 15:16:50,876[0m - [33mWARNING[0m - [37m[MainThread] UM.View.RenderBatch.addItem [166]: Tried to add an item to batch without mesh[0m
[35m2026-09-30 15:16:50,892[0m - [33mWARNING[0m - [37m[MainThread] UM.View.RenderBatch.addItem [166]: Tried to add an item to batch without mesh[0m
[35m2026-09-30 15:16:50,911[0m - [33mWARNING[0m - [37m[MainThread] UM.View.RenderBatch.addItem [166]: Tried to add an item to batch without mesh[0m
[35m2026-09-30 15:16:50,947[0m - [33mWARNING[0m - [37m[MainThread] UM.View.RenderBatch.addItem [166]: Tried to add an item to batch without mesh[0m
[35m2026-09-30 15:16:50,956[0m - [33mWARNING[0m - [37m[MainThread] UM.View.RenderBatch.addItem [166]: Tried to add an item to batch without mesh[0m
[35m2026-09-30 15:16:50,963[0m - [33mWARNING[0m - [37m[MainThread] UM.View.RenderBatch.addItem [166]: Tried to add an item to batch without mesh[0m
[35m2026-09-30 15:16:50,976[0m - [33mWARNING[0m - [37m[MainThread] UM.View.RenderBatch.addItem [166]: Tried to add an item to batch without mesh[0m
[35m2026-09-30 15:16:50,993[0m - [33mWARNING[0m - [37m[MainThread] UM.View.RenderBatch.addItem [166]: Tried to add an item to batch without mesh[0m
[35m2026-09-30 15:16:51,009[0m - [33mWARNING[0m - [37m[MainThread] UM.View.RenderBatch.addItem [166]: Tried to add an item to batch without mesh[0m
[35m2026-09-30 15:16:51,026[0m - [33mWARNING[0m - [37m[MainThread] UM.View.RenderBatch.addItem [166]: Tried to add an item to batch without mesh[0m
[35m2026-09-30 15:16:51,043[0m - [33mWARNING[0m - [37m[MainThread] UM.View.RenderBatch.addItem [166]: Tried to add an item to batch without mesh[0m
[35m2026-09-30 15:16:51,060[0m - [33mWARNING[0m - [37m[MainThread] UM.View.RenderBatch.addItem [166]: Tried to add an item to batch without mesh[0m
[35m2026-09-30 15:16:51,076[0m - [33mWARNING[0m - [37m[MainThread] UM.View.RenderBatch.addItem [166]: Tried to add an item to batch without mesh[0m
[35m2026-09-30 15:16:51,093[0m - [33mWARNING[0m - [37m[MainThread] UM.View.RenderBatch.addItem [166]: Tried to add an item to batch without mesh[0m
[35m2026-09-30 15:16:51,110[0m - [33mWARNING[0m - [37m[MainThread] UM.View.RenderBatch.addItem [166]: Tried to add an item to batch without mesh[0m
[35m2026-09-30 15:16:51,126[0m - [33mWARNING[0m - [37m[MainThread] UM.View.RenderBatch.addItem [166]: Tried to add an item to batch without mesh[0m
[35m2026-09-30 15:16:51,143[0m - [33mWARNING[0m - [37m[MainThread] UM.View.RenderBatch.addItem [166]: Tried to add an item to batch without mesh[0m
[35m2026-09-30 15:16:51,159[0m - [33mWARNING[0m - [37m[MainThread] UM.View.RenderBatch.addItem [166]: Tried to add an item to batch without mesh[0m
[35m2026-09-30 15:16:51,176[0m - [33mWARNING[0m - [37m[MainThread] UM.View.RenderBatch.addItem [166]: Tried to add an item to batch without mesh[0m
[35m2026-09-30 15:16:51,192[0m - [33mWARNING[0m - [37m[MainThread] UM.View.RenderBatch.addItem [166]: Tried to add an item to batch without mesh[0m
[35m2026-09-30 15:16:51,209[0m - [33mWARNING[0m - [37m[MainThread] UM.View.RenderBatch.addItem [166]: Tried to add an item to batch without mesh[0m
[35m2026-09-30 15:16:51,226[0m - [33mWARNING[0m - [37m[MainThread] UM.View.RenderBatch.addItem [166]: Tried to add an item to batch without mesh[0m
[35m2026-09-30 15:16:51,242[0m - [33mWARNING[0m - [37m[MainThread] UM.View.RenderBatch.addItem [166]: Tried to add an item to batch without mesh[0m
[35m2026-09-30 15:16:51,259[0m - [33mWARNING[0m - [37m[MainThread] UM.View.RenderBatch.addItem [166]: Tried to add an item to batch without mesh[0m
[35m2026-09-30 15:16:51,276[0m - [33mWARNING[0m - [37m[MainThread] UM.View.RenderBatch.addItem [166]: Tried to add an item to batch without mesh[0m
[35m2026-09-30 15:16:51,726[0m - [33mWARNING[0m - [37m[MainThread] UM.View.RenderBatch.addItem [166]: Tried to add an item to batch without mesh[0m
[35m2026-09-30 15:16:51,742[0m - [33mWARNING[0m - [37m[MainThread] UM.View.RenderBatch.addItem [166]: Tried to add an item to batch without mesh[0m
[35m2026-09-30 15:16:51,749[0m - [33mWARNING[0m - [37m[MainThread] UM.View.RenderBatch.addItem [166]: Tried to add an item to batch without mesh[0m
[35m2026-09-30 15:16:51,759[0m - [33mWARNING[0m - [37m[MainThread] UM.View.RenderBatch.addItem [166]: Tried to add an item to batch without mesh[0m
[35m2026-09-30 15:16:51,776[0m - [33mWARNING[0m - [37m[MainThread] UM.View.RenderBatch.addItem [166]: Tried to add an item to batch without mesh[0m
[35m2026-09-30 15:16:51,792[0m - [33mWARNING[0m - [37m[MainThread] UM.View.RenderBatch.addItem [166]: Tried to add an item to batch without mesh[0m
[35m2026-09-30 15:16:51,809[0m - [33mWARNING[0m - [37m[MainThread] UM.View.RenderBatch.addItem [166]: Tried to add an item to batch without mesh[0m
[35m2026-09-30 15:16:51,826[0m - [33mWARNING[0m - [37m[MainThread] UM.View.RenderBatch.addItem [166]: Tried to add an item to batch without mesh[0m
[35m2026-09-30 15:16:51,842[0m - [33mWARNING[0m - [37m[MainThread] UM.View.RenderBatch.addItem [166]: Tried to add an item to batch without mesh[0m
[35m2026-09-30 15:16:51,918[0m - [33mWARNING[0m - [37m[MainThread] UM.View.RenderBatch.addItem [166]: Tried to add an item to batch without mesh[0m
[35m2026-09-30 15:16:51,996[0m - [33mWARNING[0m - [37m[MainThread] UM.View.RenderBatch.addItem [166]: Tried to add an item to batch without mesh[0m
[35m2026-09-30 15:16:52,025[0m - [33mWARNING[0m - [37m[MainThread] UM.View.RenderBatch.addItem [166]: Tried to add an item to batch without mesh[0m
[35m2026-09-30 15:16:52,038[0m - [33mWARNING[0m - [37m[MainThread] UM.View.RenderBatch.addItem [166]: Tried to add an item to batch without mesh[0m
[35m2026-09-30 15:16:52,049[0m - [33mWARNING[0m - [37m[MainThread] UM.View.RenderBatch.addItem [166]: Tried to add an item to batch without mesh[0m
[35m2026-09-30 15:16:52,059[0m - [33mWARNING[0m - [37m[MainThread] UM.View.RenderBatch.addItem [166]: Tried to add an item to batch without mesh[0m
[35m2026-09-30 15:16:52,076[0m - [33mWARNING[0m - [37m[MainThread] UM.View.RenderBatch.addItem [166]: Tried to add an item to batch without mesh[0m
[35m2026-09-30 15:17:00,797[0m - [36mDEBUG[0m - [37m[MainThread] UM3NetworkPrinting.src.Cloud.CloudOutputDeviceManager._onGetRemoteClustersFinished [170]: Synced cloud printers with account.[0m
[35m2026-09-30 15:18:01,793[0m - [36mDEBUG[0m - [37m[MainThread] UM3NetworkPrinting.src.Cloud.CloudOutputDeviceManager._onGetRemoteClustersFinished [170]: Synced cloud printers with account.[0m
[35m2026-09-30 15:19:02,827[0m - [36mDEBUG[0m - [37m[MainThread] UM3NetworkPrinting.src.Cloud.CloudOutputDeviceManager._onGetRemoteClustersFinished [170]: Synced cloud printers with account.[0m
[35m2026-09-30 15:20:03,962[0m - [36mDEBUG[0m - [37m[MainThread] UM3NetworkPrinting.src.Cloud.CloudOutputDeviceManager._onGetRemoteClustersFinished [170]: Synced cloud printers with account.[0m
[35m2026-09-30 15:21:04,684[0m - [36mDEBUG[0m - [37m[MainThread] UM3NetworkPrinting.src.Cloud.CloudOutputDeviceManager._onGetRemoteClustersFinished [170]: Synced cloud printers with account.[0m
[35m2026-09-30 15:22:05,660[0m - [36mDEBUG[0m - [37m[MainThread] UM3NetworkPrinting.src.Cloud.CloudOutputDeviceManager._onGetRemoteClustersFinished [170]: Synced cloud printers with account.[0m
[35m2026-09-30 15:23:07,156[0m - [36mDEBUG[0m - [37m[MainThread] UM3NetworkPrinting.src.Cloud.CloudOutputDeviceManager._onGetRemoteClustersFinished [170]: Synced cloud printers with account.[0m
[35m2026-09-30 15:24:07,847[0m - [36mDEBUG[0m - [37m[MainThread] UM3NetworkPrinting.src.Cloud.CloudOutputDeviceManager._onGetRemoteClustersFinished [170]: Synced cloud printers with account.[0m
[35m2026-09-30 15:25:08,686[0m - [36mDEBUG[0m - [37m[MainThread] UM3NetworkPrinting.src.Cloud.CloudOutputDeviceManager._onGetRemoteClustersFinished [170]: Synced cloud printers with account.[0m
[35m2026-09-30 15:26:09,849[0m - [36mDEBUG[0m - [37m[MainThread] UM3NetworkPrinting.src.Cloud.CloudOutputDeviceManager._onGetRemoteClustersFinished [170]: Synced cloud printers with account.[0m
[35m2026-09-30 15:27:10,972[0m - [36mDEBUG[0m - [37m[MainThread] UM3NetworkPrinting.src.Cloud.CloudOutputDeviceManager._onGetRemoteClustersFinished [170]: Synced cloud printers with account.[0m
[35m2026-09-30 15:28:11,845[0m - [36mDEBUG[0m - [37m[MainThread] UM3NetworkPrinting.src.Cloud.CloudOutputDeviceManager._onGetRemoteClustersFinished [170]: Synced cloud printers with account.[0m
[35m2026-09-30 15:29:12,721[0m - [36mDEBUG[0m - [37m[MainThread] UM3NetworkPrinting.src.Cloud.CloudOutputDeviceManager._onGetRemoteClustersFinished [170]: Synced cloud printers with account.[0m
[35m2026-09-30 15:30:13,740[0m - [36mDEBUG[0m - [37m[MainThread] UM3NetworkPrinting.src.Cloud.CloudOutputDeviceManager._onGetRemoteClustersFinished [170]: Synced cloud printers with account.[0m
[35m2026-09-30 15:31:14,887[0m - [36mDEBUG[0m - [37m[MainThread] UM3NetworkPrinting.src.Cloud.CloudOutputDeviceManager._onGetRemoteClustersFinished [170]: Synced cloud printers with account.[0m
[35m2026-09-30 15:32:15,717[0m - [36mDEBUG[0m - [37m[MainThread] UM3NetworkPrinting.src.Cloud.CloudOutputDeviceManager._onGetRemoteClustersFinished [170]: Synced cloud printers with account.[0m
[35m2026-09-30 15:33:16,103[0m - [36mDEBUG[0m - [37m[MainThread] cura.OAuth2.AuthorizationHelpers.getAccessTokenUsingRefreshToken [67]: Refreshing the access token for [https://account.ultimaker.com][0m
[35m2026-09-30 15:33:16,104[0m - [36mDEBUG[0m - [37m[MainThread] cura.OAuth2.AuthorizationService.refreshAccessToken [199]: Was already busy refreshing token. Do not start a new request.[0m
[35m2026-09-30 15:33:18,080[0m - [36mDEBUG[0m - [37m[MainThread] cura.OAuth2.AuthorizationService._storeAuthData [316]: Attempting to store the auth data for [https://account.ultimaker.com][0m
[35m2026-09-30 15:33:18,796[0m - [36mDEBUG[0m - [37m[MainThread] UM3NetworkPrinting.src.Cloud.CloudOutputDeviceManager._onGetRemoteClustersFinished [170]: Synced cloud printers with account.[0m
[35m2026-09-30 15:33:28,108[0m - [36mDEBUG[0m - [37m[MainThread] cura.AutoSave._onTimeout [64]: Autosaving preferences, instances and profiles took 0.005766153335571289 seconds[0m
[35m2026-09-30 15:34:19,929[0m - [36mDEBUG[0m - [37m[MainThread] UM3NetworkPrinting.src.Cloud.CloudOutputDeviceManager._onGetRemoteClustersFinished [170]: Synced cloud printers with account.[0m
[35m2026-09-30 15:35:20,961[0m - [36mDEBUG[0m - [37m[MainThread] UM.TaskManagement.HttpRequestManager._onRequestError [394]: request[40bb3902][get][PyQt6.QtCore.QUrl('https://api.ultimaker.com/connect/v1/clusters?status=active')][timeout=30][no-data] got an QNetworkReplyError GOAWAY invalid stream/error code. The server returned: b''[0m
[35m2026-09-30 15:36:21,888[0m - [36mDEBUG[0m - [37m[MainThread] UM3NetworkPrinting.src.Cloud.CloudOutputDeviceManager._onGetRemoteClustersFinished [170]: Synced cloud printers with account.[0m
[35m2026-09-30 15:37:22,715[0m - [36mDEBUG[0m - [37m[MainThread] UM3NetworkPrinting.src.Cloud.CloudOutputDeviceManager._onGetRemoteClustersFinished [170]: Synced cloud printers with account.[0m
[35m2026-09-30 15:38:23,803[0m - [36mDEBUG[0m - [37m[MainThread] UM3NetworkPrinting.src.Cloud.CloudOutputDeviceManager._onGetRemoteClustersFinished [170]: Synced cloud printers with account.[0m
[35m2026-09-30 15:39:25,187[0m - [36mDEBUG[0m - [37m[MainThread] UM3NetworkPrinting.src.Cloud.CloudOutputDeviceManager._onGetRemoteClustersFinished [170]: Synced cloud printers with account.[0m
[35m2026-09-30 15:40:25,909[0m - [36mDEBUG[0m - [37m[MainThread] UM3NetworkPrinting.src.Cloud.CloudOutputDeviceManager._onGetRemoteClustersFinished [170]: Synced cloud printers with account.[0m
[35m2026-09-30 15:41:26,735[0m - [36mDEBUG[0m - [37m[MainThread] UM3NetworkPrinting.src.Cloud.CloudOutputDeviceManager._onGetRemoteClustersFinished [170]: Synced cloud printers with account.[0m
[35m2026-09-30 15:42:28,142[0m - [36mDEBUG[0m - [37m[MainThread] UM3NetworkPrinting.src.Cloud.CloudOutputDeviceManager._onGetRemoteClustersFinished [170]: Synced cloud printers with account.[0m
[35m2026-09-30 15:43:28,852[0m - [36mDEBUG[0m - [37m[MainThread] UM3NetworkPrinting.src.Cloud.CloudOutputDeviceManager._onGetRemoteClustersFinished [170]: Synced cloud printers with account.[0m
[35m2026-09-30 15:44:29,774[0m - [36mDEBUG[0m - [37m[MainThread] UM3NetworkPrinting.src.Cloud.CloudOutputDeviceManager._onGetRemoteClustersFinished [170]: Synced cloud printers with account.[0m
[35m2026-09-30 15:45:30,859[0m - [36mDEBUG[0m - [37m[MainThread] UM3NetworkPrinting.src.Cloud.CloudOutputDeviceManager._onGetRemoteClustersFinished [170]: Synced cloud printers with account.[0m
[35m2026-09-30 15:46:32,098[0m - [36mDEBUG[0m - [37m[MainThread] UM3NetworkPrinting.src.Cloud.CloudOutputDeviceManager._onGetRemoteClustersFinished [170]: Synced cloud printers with account.[0m
[35m2026-09-30 15:47:32,955[0m - [36mDEBUG[0m - [37m[MainThread] UM3NetworkPrinting.src.Cloud.CloudOutputDeviceManager._onGetRemoteClustersFinished [170]: Synced cloud printers with account.[0m
[35m2026-09-30 15:48:33,951[0m - [36mDEBUG[0m - [37m[MainThread] UM3NetworkPrinting.src.Cloud.CloudOutputDeviceManager._onGetRemoteClustersFinished [170]: Synced cloud printers with account.[0m
[35m2026-09-30 15:49:34,885[0m - [36mDEBUG[0m - [37m[MainThread] UM3NetworkPrinting.src.Cloud.CloudOutputDeviceManager._onGetRemoteClustersFinished [170]: Synced cloud printers with account.[0m
[35m2026-09-30 15:50:35,879[0m - [36mDEBUG[0m - [37m[MainThread] UM3NetworkPrinting.src.Cloud.CloudOutputDeviceManager._onGetRemoteClustersFinished [170]: Synced cloud printers with account.[0m
[35m2026-09-30 15:51:36,863[0m - [36mDEBUG[0m - [37m[MainThread] UM3NetworkPrinting.src.Cloud.CloudOutputDeviceManager._onGetRemoteClustersFinished [170]: Synced cloud printers with account.[0m
[35m2026-09-30 15:52:38,894[0m - [36mDEBUG[0m - [37m[MainThread] UM3NetworkPrinting.src.Cloud.CloudOutputDeviceManager._onGetRemoteClustersFinished [170]: Synced cloud printers with account.[0m
[35m2026-09-30 15:53:39,720[0m - [36mDEBUG[0m - [37m[MainThread] UM3NetworkPrinting.src.Cloud.CloudOutputDeviceManager._onGetRemoteClustersFinished [170]: Synced cloud printers with account.[0m
[35m2026-09-30 15:54:41,064[0m - [36mDEBUG[0m - [37m[MainThread] UM3NetworkPrinting.src.Cloud.CloudOutputDeviceManager._onGetRemoteClustersFinished [170]: Synced cloud printers with account.[0m
[35m2026-09-30 15:55:41,691[0m - [36mDEBUG[0m - [37m[MainThread] UM3NetworkPrinting.src.Cloud.CloudOutputDeviceManager._onGetRemoteClustersFinished [170]: Synced cloud printers with account.[0m
[35m2026-09-30 15:56:42,813[0m - [36mDEBUG[0m - [37m[MainThread] UM3NetworkPrinting.src.Cloud.CloudOutputDeviceManager._onGetRemoteClustersFinished [170]: Synced cloud printers with account.[0m
[35m2026-09-30 15:57:44,043[0m - [36mDEBUG[0m - [37m[MainThread] UM3NetworkPrinting.src.Cloud.CloudOutputDeviceManager._onGetRemoteClustersFinished [170]: Synced cloud printers with account.[0m
[35m2026-09-30 15:58:44,875[0m - [36mDEBUG[0m - [37m[MainThread] UM3NetworkPrinting.src.Cloud.CloudOutputDeviceManager._onGetRemoteClustersFinished [170]: Synced cloud printers with account.[0m
[35m2026-09-30 15:59:45,906[0m - [36mDEBUG[0m - [37m[MainThread] UM3NetworkPrinting.src.Cloud.CloudOutputDeviceManager._onGetRemoteClustersFinished [170]: Synced cloud printers with account.[0m
[35m2026-09-30 16:00:47,141[0m - [36mDEBUG[0m - [37m[MainThread] UM3NetworkPrinting.src.Cloud.CloudOutputDeviceManager._onGetRemoteClustersFinished [170]: Synced cloud printers with account.[0m
[35m2026-09-30 16:01:47,864[0m - [36mDEBUG[0m - [37m[MainThread] UM3NetworkPrinting.src.Cloud.CloudOutputDeviceManager._onGetRemoteClustersFinished [170]: Synced cloud printers with account.[0m
[35m2026-09-30 16:02:48,103[0m - [36mDEBUG[0m - [37m[MainThread] cura.OAuth2.AuthorizationHelpers.getAccessTokenUsingRefreshToken [67]: Refreshing the access token for [https://account.ultimaker.com][0m
[35m2026-09-30 16:02:48,104[0m - [36mDEBUG[0m - [37m[MainThread] cura.OAuth2.AuthorizationService.refreshAccessToken [199]: Was already busy refreshing token. Do not start a new request.[0m
[35m2026-09-30 16:02:51,103[0m - [36mDEBUG[0m - [37m[MainThread] cura.OAuth2.AuthorizationService._storeAuthData [316]: Attempting to store the auth data for [https://account.ultimaker.com][0m
[35m2026-09-30 16:02:51,868[0m - [36mDEBUG[0m - [37m[MainThread] UM3NetworkPrinting.src.Cloud.CloudOutputDeviceManager._onGetRemoteClustersFinished [170]: Synced cloud printers with account.[0m
[35m2026-09-30 16:03:01,106[0m - [36mDEBUG[0m - [37m[MainThread] cura.AutoSave._onTimeout [64]: Autosaving preferences, instances and profiles took 0.0035827159881591797 seconds[0m
[35m2026-09-30 16:03:53,358[0m - [36mDEBUG[0m - [37m[MainThread] UM3NetworkPrinting.src.Cloud.CloudOutputDeviceManager._onGetRemoteClustersFinished [170]: Synced cloud printers with account.[0m
[35m2026-09-30 16:04:53,928[0m - [36mDEBUG[0m - [37m[MainThread] UM3NetworkPrinting.src.Cloud.CloudOutputDeviceManager._onGetRemoteClustersFinished [170]: Synced cloud printers with account.[0m
[35m2026-09-30 16:05:54,856[0m - [36mDEBUG[0m - [37m[MainThread] UM3NetworkPrinting.src.Cloud.CloudOutputDeviceManager._onGetRemoteClustersFinished [170]: Synced cloud printers with account.[0m
[35m2026-09-30 16:06:55,786[0m - [36mDEBUG[0m - [37m[MainThread] UM3NetworkPrinting.src.Cloud.CloudOutputDeviceManager._onGetRemoteClustersFinished [170]: Synced cloud printers with account.[0m
[35m2026-09-30 16:07:56,713[0m - [36mDEBUG[0m - [37m[MainThread] UM3NetworkPrinting.src.Cloud.CloudOutputDeviceManager._onGetRemoteClustersFinished [170]: Synced cloud printers with account.[0m
[35m2026-09-30 16:08:58,051[0m - [36mDEBUG[0m - [37m[MainThread] UM3NetworkPrinting.src.Cloud.CloudOutputDeviceManager._onGetRemoteClustersFinished [170]: Synced cloud printers with account.[0m
[35m2026-09-30 16:09:58,980[0m - [36mDEBUG[0m - [37m[MainThread] UM3NetworkPrinting.src.Cloud.CloudOutputDeviceManager._onGetRemoteClustersFinished [170]: Synced cloud printers with account.[0m
[35m2026-09-30 16:10:59,853[0m - [36mDEBUG[0m - [37m[MainThread] UM3NetworkPrinting.src.Cloud.CloudOutputDeviceManager._onGetRemoteClustersFinished [170]: Synced cloud printers with account.[0m
[35m2026-09-30 16:12:00,939[0m - [36mDEBUG[0m - [37m[MainThread] UM3NetworkPrinting.src.Cloud.CloudOutputDeviceManager._onGetRemoteClustersFinished [170]: Synced cloud printers with account.[0m
[35m2026-09-30 16:13:02,105[0m - [36mDEBUG[0m - [37m[MainThread] UM3NetworkPrinting.src.Cloud.CloudOutputDeviceManager._onGetRemoteClustersFinished [170]: Synced cloud printers with account.[0m
[35m2026-09-30 16:14:02,898[0m - [36mDEBUG[0m - [37m[MainThread] UM3NetworkPrinting.src.Cloud.CloudOutputDeviceManager._onGetRemoteClustersFinished [170]: Synced cloud printers with account.[0m
[35m2026-09-30 16:15:04,135[0m - [36mDEBUG[0m - [37m[MainThread] UM3NetworkPrinting.src.Cloud.CloudOutputDeviceManager._onGetRemoteClustersFinished [170]: Synced cloud printers with account.[0m
[35m2026-09-30 16:16:04,858[0m - [36mDEBUG[0m - [37m[MainThread] UM3NetworkPrinting.src.Cloud.CloudOutputDeviceManager._onGetRemoteClustersFinished [170]: Synced cloud printers with account.[0m
[35m2026-09-30 16:17:05,888[0m - [36mDEBUG[0m - [37m[MainThread] UM3NetworkPrinting.src.Cloud.CloudOutputDeviceManager._onGetRemoteClustersFinished [170]: Synced cloud printers with account.[0m
[35m2026-09-30 16:18:06,921[0m - [36mDEBUG[0m - [37m[MainThread] UM3NetworkPrinting.src.Cloud.CloudOutputDeviceManager._onGetRemoteClustersFinished [170]: Synced cloud printers with account.[0m
[35m2026-09-30 16:19:08,690[0m - [36mDEBUG[0m - [37m[MainThread] UM3NetworkPrinting.src.Cloud.CloudOutputDeviceManager._onGetRemoteClustersFinished [170]: Synced cloud printers with account.[0m
[35m2026-09-30 16:20:09,852[0m - [36mDEBUG[0m - [37m[MainThread] UM3NetworkPrinting.src.Cloud.CloudOutputDeviceManager._onGetRemoteClustersFinished [170]: Synced cloud printers with account.[0m
[35m2026-09-30 16:21:10,865[0m - [36mDEBUG[0m - [37m[MainThread] UM3NetworkPrinting.src.Cloud.CloudOutputDeviceManager._onGetRemoteClustersFinished [170]: Synced cloud printers with account.[0m
[35m2026-09-30 16:22:11,759[0m - [36mDEBUG[0m - [37m[MainThread] UM3NetworkPrinting.src.Cloud.CloudOutputDeviceManager._onGetRemoteClustersFinished [170]: Synced cloud printers with account.[0m
[35m2026-09-30 16:23:13,086[0m - [36mDEBUG[0m - [37m[MainThread] UM3NetworkPrinting.src.Cloud.CloudOutputDeviceManager._onGetRemoteClustersFinished [170]: Synced cloud printers with account.[0m
[35m2026-09-30 16:24:14,129[0m - [36mDEBUG[0m - [37m[MainThread] UM3NetworkPrinting.src.Cloud.CloudOutputDeviceManager._onGetRemoteClustersFinished [170]: Synced cloud printers with account.[0m
[35m2026-09-30 16:25:14,852[0m - [36mDEBUG[0m - [37m[MainThread] UM3NetworkPrinting.src.Cloud.CloudOutputDeviceManager._onGetRemoteClustersFinished [170]: Synced cloud printers with account.[0m
[35m2026-09-30 16:26:15,678[0m - [36mDEBUG[0m - [37m[MainThread] UM3NetworkPrinting.src.Cloud.CloudOutputDeviceManager._onGetRemoteClustersFinished [170]: Synced cloud printers with account.[0m
[35m2026-09-30 16:27:16,709[0m - [36mDEBUG[0m - [37m[MainThread] UM3NetworkPrinting.src.Cloud.CloudOutputDeviceManager._onGetRemoteClustersFinished [170]: Synced cloud printers with account.[0m
[35m2026-09-30 16:28:17,849[0m - [36mDEBUG[0m - [37m[MainThread] UM3NetworkPrinting.src.Cloud.CloudOutputDeviceManager._onGetRemoteClustersFinished [170]: Synced cloud printers with account.[0m
[35m2026-09-30 16:29:18,655[0m - [36mDEBUG[0m - [37m[MainThread] UM3NetworkPrinting.src.Cloud.CloudOutputDeviceManager._onGetRemoteClustersFinished [170]: Synced cloud printers with account.[0m
[35m2026-09-30 16:30:19,904[0m - [36mDEBUG[0m - [37m[MainThread] UM3NetworkPrinting.src.Cloud.CloudOutputDeviceManager._onGetRemoteClustersFinished [170]: Synced cloud printers with account.[0m
[35m2026-09-30 16:31:20,660[0m - [36mDEBUG[0m - [37m[MainThread] UM3NetworkPrinting.src.Cloud.CloudOutputDeviceManager._onGetRemoteClustersFinished [170]: Synced cloud printers with account.[0m
[35m2026-09-30 16:32:21,103[0m - [36mDEBUG[0m - [37m[MainThread] cura.OAuth2.AuthorizationHelpers.getAccessTokenUsingRefreshToken [67]: Refreshing the access token for [https://account.ultimaker.com][0m
[35m2026-09-30 16:32:21,104[0m - [36mDEBUG[0m - [37m[MainThread] cura.OAuth2.AuthorizationService.refreshAccessToken [199]: Was already busy refreshing token. Do not start a new request.[0m
[35m2026-09-30 16:32:23,502[0m - [36mDEBUG[0m - [37m[MainThread] cura.OAuth2.AuthorizationService._storeAuthData [316]: Attempting to store the auth data for [https://account.ultimaker.com][0m
[35m2026-09-30 16:32:24,124[0m - [36mDEBUG[0m - [37m[MainThread] UM3NetworkPrinting.src.Cloud.CloudOutputDeviceManager._onGetRemoteClustersFinished [170]: Synced cloud printers with account.[0m
[35m2026-09-30 16:32:33,106[0m - [36mDEBUG[0m - [37m[MainThread] cura.AutoSave._onTimeout [64]: Autosaving preferences, instances and profiles took 0.0029501914978027344 seconds[0m
[35m2026-09-30 16:33:25,762[0m - [36mDEBUG[0m - [37m[MainThread] UM3NetworkPrinting.src.Cloud.CloudOutputDeviceManager._onGetRemoteClustersFinished [170]: Synced cloud printers with account.[0m
[35m2026-09-30 16:34:26,787[0m - [36mDEBUG[0m - [37m[MainThread] UM3NetworkPrinting.src.Cloud.CloudOutputDeviceManager._onGetRemoteClustersFinished [170]: Synced cloud printers with account.[0m
[35m2026-09-30 16:35:27,764[0m - [36mDEBUG[0m - [37m[MainThread] UM3NetworkPrinting.src.Cloud.CloudOutputDeviceManager._onGetRemoteClustersFinished [170]: Synced cloud printers with account.[0m
[35m2026-09-30 16:36:28,547[0m - [36mDEBUG[0m - [37m[MainThread] UM.TaskManagement.HttpRequestManager._onRequestError [394]: request[3cc17bba][get][PyQt6.QtCore.QUrl('https://api.ultimaker.com/connect/v1/clusters?status=active')][timeout=30][no-data] got an QNetworkReplyError GOAWAY invalid stream/error code. The server returned: b''[0m
[35m2026-09-30 16:37:28,964[0m - [36mDEBUG[0m - [37m[MainThread] UM3NetworkPrinting.src.Cloud.CloudOutputDeviceManager._onGetRemoteClustersFinished [170]: Synced cloud printers with account.[0m
[35m2026-09-30 16:38:29,780[0m - [36mDEBUG[0m - [37m[MainThread] UM3NetworkPrinting.src.Cloud.CloudOutputDeviceManager._onGetRemoteClustersFinished [170]: Synced cloud printers with account.[0m
[35m2026-09-30 16:39:30,849[0m - [36mDEBUG[0m - [37m[MainThread] UM3NetworkPrinting.src.Cloud.CloudOutputDeviceManager._onGetRemoteClustersFinished [170]: Synced cloud printers with account.[0m
[35m2026-09-30 16:40:31,852[0m - [36mDEBUG[0m - [37m[MainThread] UM3NetworkPrinting.src.Cloud.CloudOutputDeviceManager._onGetRemoteClustersFinished [170]: Synced cloud printers with account.[0m
[35m2026-09-30 16:41:32,687[0m - [36mDEBUG[0m - [37m[MainThread] UM3NetworkPrinting.src.Cloud.CloudOutputDeviceManager._onGetRemoteClustersFinished [170]: Synced cloud printers with account.[0m
[35m2026-09-30 16:42:33,710[0m - [36mDEBUG[0m - [37m[MainThread] UM3NetworkPrinting.src.Cloud.CloudOutputDeviceManager._onGetRemoteClustersFinished [170]: Synced cloud printers with account.[0m
[35m2026-09-30 16:43:35,047[0m - [36mDEBUG[0m - [37m[MainThread] UM3NetworkPrinting.src.Cloud.CloudOutputDeviceManager._onGetRemoteClustersFinished [170]: Synced cloud printers with account.[0m
[35m2026-09-30 16:44:35,995[0m - [36mDEBUG[0m - [37m[MainThread] UM3NetworkPrinting.src.Cloud.CloudOutputDeviceManager._onGetRemoteClustersFinished [170]: Synced cloud printers with account.[0m
[35m2026-09-30 16:45:36,698[0m - [36mDEBUG[0m - [37m[MainThread] UM3NetworkPrinting.src.Cloud.CloudOutputDeviceManager._onGetRemoteClustersFinished [170]: Synced cloud printers with account.[0m
[35m2026-09-30 16:46:37,854[0m - [36mDEBUG[0m - [37m[MainThread] UM3NetworkPrinting.src.Cloud.CloudOutputDeviceManager._onGetRemoteClustersFinished [170]: Synced cloud printers with account.[0m
[35m2026-09-30 16:47:38,782[0m - [36mDEBUG[0m - [37m[MainThread] UM3NetworkPrinting.src.Cloud.CloudOutputDeviceManager._onGetRemoteClustersFinished [170]: Synced cloud printers with account.[0m
[35m2026-09-30 16:48:39,777[0m - [36mDEBUG[0m - [37m[MainThread] UM3NetworkPrinting.src.Cloud.CloudOutputDeviceManager._onGetRemoteClustersFinished [170]: Synced cloud printers with account.[0m
[35m2026-09-30 16:49:40,823[0m - [36mDEBUG[0m - [37m[MainThread] UM3NetworkPrinting.src.Cloud.CloudOutputDeviceManager._onGetRemoteClustersFinished [170]: Synced cloud printers with account.[0m
[35m2026-09-30 16:50:42,088[0m - [36mDEBUG[0m - [37m[MainThread] UM3NetworkPrinting.src.Cloud.CloudOutputDeviceManager._onGetRemoteClustersFinished [170]: Synced cloud printers with account.[0m
[35m2026-09-30 16:51:42,778[0m - [36mDEBUG[0m - [37m[MainThread] UM3NetworkPrinting.src.Cloud.CloudOutputDeviceManager._onGetRemoteClustersFinished [170]: Synced cloud printers with account.[0m
[35m2026-09-30 16:52:43,710[0m - [36mDEBUG[0m - [37m[MainThread] UM3NetworkPrinting.src.Cloud.CloudOutputDeviceManager._onGetRemoteClustersFinished [170]: Synced cloud printers with account.[0m
[35m2026-09-30 16:53:44,928[0m - [36mDEBUG[0m - [37m[MainThread] UM3NetworkPrinting.src.Cloud.CloudOutputDeviceManager._onGetRemoteClustersFinished [170]: Synced cloud printers with account.[0m
[35m2026-09-30 16:54:45,845[0m - [36mDEBUG[0m - [37m[MainThread] UM3NetworkPrinting.src.Cloud.CloudOutputDeviceManager._onGetRemoteClustersFinished [170]: Synced cloud printers with account.[0m
[35m2026-09-30 16:55:47,008[0m - [36mDEBUG[0m - [37m[MainThread] UM3NetworkPrinting.src.Cloud.CloudOutputDeviceManager._onGetRemoteClustersFinished [170]: Synced cloud printers with account.[0m
[35m2026-09-30 16:56:47,640[0m - [36mDEBUG[0m - [37m[MainThread] UM3NetworkPrinting.src.Cloud.CloudOutputDeviceManager._onGetRemoteClustersFinished [170]: Synced cloud printers with account.[0m
[35m2026-09-30 16:57:48,852[0m - [36mDEBUG[0m - [37m[MainThread] UM3NetworkPrinting.src.Cloud.CloudOutputDeviceManager._onGetRemoteClustersFinished [170]: Synced cloud printers with account.[0m
[35m2026-09-30 16:58:49,972[0m - [36mDEBUG[0m - [37m[MainThread] UM3NetworkPrinting.src.Cloud.CloudOutputDeviceManager._onGetRemoteClustersFinished [170]: Synced cloud printers with account.[0m
[35m2026-09-30 16:59:51,030[0m - [36mDEBUG[0m - [37m[MainThread] UM3NetworkPrinting.src.Cloud.CloudOutputDeviceManager._onGetRemoteClustersFinished [170]: Synced cloud printers with account.[0m
[35m2026-09-30 17:00:51,856[0m - [36mDEBUG[0m - [37m[MainThread] UM3NetworkPrinting.src.Cloud.CloudOutputDeviceManager._onGetRemoteClustersFinished [170]: Synced cloud printers with account.[0m
[35m2026-09-30 17:01:52,103[0m - [36mDEBUG[0m - [37m[MainThread] cura.OAuth2.AuthorizationHelpers.getAccessTokenUsingRefreshToken [67]: Refreshing the access token for [https://account.ultimaker.com][0m
[35m2026-09-30 17:01:52,104[0m - [36mDEBUG[0m - [37m[MainThread] cura.OAuth2.AuthorizationService.refreshAccessToken [199]: Was already busy refreshing token. Do not start a new request.[0m
[35m2026-09-30 17:01:55,242[0m - [36mDEBUG[0m - [37m[MainThread] cura.OAuth2.AuthorizationService._storeAuthData [316]: Attempting to store the auth data for [https://account.ultimaker.com][0m
[35m2026-09-30 17:01:55,879[0m - [36mDEBUG[0m - [37m[MainThread] UM3NetworkPrinting.src.Cloud.CloudOutputDeviceManager._onGetRemoteClustersFinished [170]: Synced cloud printers with account.[0m
[35m2026-09-30 17:02:05,109[0m - [36mDEBUG[0m - [37m[MainThread] cura.AutoSave._onTimeout [64]: Autosaving preferences, instances and profiles took 0.0063397884368896484 seconds[0m
[35m2026-09-30 17:02:56,785[0m - [36mDEBUG[0m - [37m[MainThread] UM3NetworkPrinting.src.Cloud.CloudOutputDeviceManager._onGetRemoteClustersFinished [170]: Synced cloud printers with account.[0m
[35m2026-09-30 17:03:57,832[0m - [36mDEBUG[0m - [37m[MainThread] UM3NetworkPrinting.src.Cloud.CloudOutputDeviceManager._onGetRemoteClustersFinished [170]: Synced cloud printers with account.[0m
[35m2026-09-30 17:04:58,880[0m - [36mDEBUG[0m - [37m[MainThread] UM3NetworkPrinting.src.Cloud.CloudOutputDeviceManager._onGetRemoteClustersFinished [170]: Synced cloud printers with account.[0m
[35m2026-09-30 17:05:59,878[0m - [36mDEBUG[0m - [37m[MainThread] UM3NetworkPrinting.src.Cloud.CloudOutputDeviceManager._onGetRemoteClustersFinished [170]: Synced cloud printers with account.[0m
[35m2026-09-30 17:06:49,108[0m - [36mDEBUG[0m - [37m[MainThread] cura.AutoSave._onTimeout [64]: Autosaving preferences, instances and profiles took 0.006310462951660156 seconds[0m
[35m2026-09-30 17:07:00,835[0m - [36mDEBUG[0m - [37m[MainThread] UM3NetworkPrinting.src.Cloud.CloudOutputDeviceManager._onGetRemoteClustersFinished [170]: Synced cloud printers with account.[0m
[35m2026-09-30 17:08:01,977[0m - [36mDEBUG[0m - [37m[MainThread] UM3NetworkPrinting.src.Cloud.CloudOutputDeviceManager._onGetRemoteClustersFinished [170]: Synced cloud printers with account.[0m
[35m2026-09-30 17:09:02,970[0m - [36mDEBUG[0m - [37m[MainThread] UM3NetworkPrinting.src.Cloud.CloudOutputDeviceManager._onGetRemoteClustersFinished [170]: Synced cloud printers with account.[0m
[35m2026-09-30 17:10:03,798[0m - [36mDEBUG[0m - [37m[MainThread] UM3NetworkPrinting.src.Cloud.CloudOutputDeviceManager._onGetRemoteClustersFinished [170]: Synced cloud printers with account.[0m
[35m2026-09-30 17:11:05,135[0m - [36mDEBUG[0m - [37m[MainThread] UM3NetworkPrinting.src.Cloud.CloudOutputDeviceManager._onGetRemoteClustersFinished [170]: Synced cloud printers with account.[0m
[35m2026-09-30 17:12:05,960[0m - [36mDEBUG[0m - [37m[MainThread] UM3NetworkPrinting.src.Cloud.CloudOutputDeviceManager._onGetRemoteClustersFinished [170]: Synced cloud printers with account.[0m
[35m2026-09-30 17:13:06,891[0m - [36mDEBUG[0m - [37m[MainThread] UM3NetworkPrinting.src.Cloud.CloudOutputDeviceManager._onGetRemoteClustersFinished [170]: Synced cloud printers with account.[0m
[35m2026-09-30 17:14:07,921[0m - [36mDEBUG[0m - [37m[MainThread] UM3NetworkPrinting.src.Cloud.CloudOutputDeviceManager._onGetRemoteClustersFinished [170]: Synced cloud printers with account.[0m
[35m2026-09-30 17:15:08,850[0m - [36mDEBUG[0m - [37m[MainThread] UM3NetworkPrinting.src.Cloud.CloudOutputDeviceManager._onGetRemoteClustersFinished [170]: Synced cloud printers with account.[0m
[35m2026-09-30 17:16:10,393[0m - [36mDEBUG[0m - [37m[MainThread] UM3NetworkPrinting.src.Cloud.CloudOutputDeviceManager._onGetRemoteClustersFinished [170]: Synced cloud printers with account.[0m
[35m2026-09-30 17:17:10,705[0m - [36mDEBUG[0m - [37m[MainThread] UM3NetworkPrinting.src.Cloud.CloudOutputDeviceManager._onGetRemoteClustersFinished [170]: Synced cloud printers with account.[0m
[35m2026-09-30 17:18:12,147[0m - [36mDEBUG[0m - [37m[MainThread] UM3NetworkPrinting.src.Cloud.CloudOutputDeviceManager._onGetRemoteClustersFinished [170]: Synced cloud printers with account.[0m
[35m2026-09-30 17:19:12,973[0m - [36mDEBUG[0m - [37m[MainThread] UM3NetworkPrinting.src.Cloud.CloudOutputDeviceManager._onGetRemoteClustersFinished [170]: Synced cloud printers with account.[0m
[35m2026-09-30 17:20:13,692[0m - [36mDEBUG[0m - [37m[MainThread] UM3NetworkPrinting.src.Cloud.CloudOutputDeviceManager._onGetRemoteClustersFinished [170]: Synced cloud printers with account.[0m
[35m2026-09-30 17:21:14,931[0m - [36mDEBUG[0m - [37m[MainThread] UM3NetworkPrinting.src.Cloud.CloudOutputDeviceManager._onGetRemoteClustersFinished [170]: Synced cloud printers with account.[0m
[35m2026-09-30 17:21:41,109[0m - [36mDEBUG[0m - [37m[MainThread] cura.AutoSave._onTimeout [64]: Autosaving preferences, instances and profiles took 0.006000518798828125 seconds[0m
[35m2026-09-30 17:21:55,109[0m - [36mDEBUG[0m - [37m[MainThread] cura.AutoSave._onTimeout [64]: Autosaving preferences, instances and profiles took 0.006291627883911133 seconds[0m
[35m2026-09-30 17:22:15,759[0m - [36mDEBUG[0m - [37m[MainThread] UM3NetworkPrinting.src.Cloud.CloudOutputDeviceManager._onGetRemoteClustersFinished [170]: Synced cloud printers with account.[0m
[35m2026-09-30 17:23:16,789[0m - [36mDEBUG[0m - [37m[MainThread] UM3NetworkPrinting.src.Cloud.CloudOutputDeviceManager._onGetRemoteClustersFinished [170]: Synced cloud printers with account.[0m
[35m2026-09-30 17:24:17,717[0m - [36mDEBUG[0m - [37m[MainThread] UM3NetworkPrinting.src.Cloud.CloudOutputDeviceManager._onGetRemoteClustersFinished [170]: Synced cloud printers with account.[0m
[35m2026-09-30 17:25:20,796[0m - [36mDEBUG[0m - [37m[MainThread] UM3NetworkPrinting.src.Cloud.CloudOutputDeviceManager._onGetRemoteClustersFinished [170]: Synced cloud printers with account.[0m
[35m2026-09-30 17:26:21,930[0m - [36mDEBUG[0m - [37m[MainThread] UM3NetworkPrinting.src.Cloud.CloudOutputDeviceManager._onGetRemoteClustersFinished [170]: Synced cloud printers with account.[0m
[35m2026-09-30 17:27:22,654[0m - [36mDEBUG[0m - [37m[MainThread] UM3NetworkPrinting.src.Cloud.CloudOutputDeviceManager._onGetRemoteClustersFinished [170]: Synced cloud printers with account.[0m
[35m2026-09-30 17:28:23,685[0m - [36mDEBUG[0m - [37m[MainThread] UM3NetworkPrinting.src.Cloud.CloudOutputDeviceManager._onGetRemoteClustersFinished [170]: Synced cloud printers with account.[0m
[35m2026-09-30 17:29:24,853[0m - [36mDEBUG[0m - [37m[MainThread] UM3NetworkPrinting.src.Cloud.CloudOutputDeviceManager._onGetRemoteClustersFinished [170]: Synced cloud printers with account.[0m
[35m2026-09-30 17:30:25,747[0m - [36mDEBUG[0m - [37m[MainThread] UM3NetworkPrinting.src.Cloud.CloudOutputDeviceManager._onGetRemoteClustersFinished [170]: Synced cloud printers with account.[0m
[35m2026-09-30 17:31:26,103[0m - [36mDEBUG[0m - [37m[MainThread] cura.OAuth2.AuthorizationHelpers.getAccessTokenUsingRefreshToken [67]: Refreshing the access token for [https://account.ultimaker.com][0m
[35m2026-09-30 17:31:26,103[0m - [36mDEBUG[0m - [37m[MainThread] cura.OAuth2.AuthorizationService.refreshAccessToken [199]: Was already busy refreshing token. Do not start a new request.[0m
[35m2026-09-30 17:31:28,722[0m - [36mDEBUG[0m - [37m[MainThread] cura.OAuth2.AuthorizationService._storeAuthData [316]: Attempting to store the auth data for [https://account.ultimaker.com][0m
[35m2026-09-30 17:31:29,338[0m - [36mDEBUG[0m - [37m[MainThread] UM3NetworkPrinting.src.Cloud.CloudOutputDeviceManager._onGetRemoteClustersFinished [170]: Synced cloud printers with account.[0m
[35m2026-09-30 17:31:39,108[0m - [36mDEBUG[0m - [37m[MainThread] cura.AutoSave._onTimeout [64]: Autosaving preferences, instances and profiles took 0.006334066390991211 seconds[0m
[35m2026-09-30 17:32:29,927[0m - [36mDEBUG[0m - [37m[MainThread] UM3NetworkPrinting.src.Cloud.CloudOutputDeviceManager._onGetRemoteClustersFinished [170]: Synced cloud printers with account.[0m
[35m2026-09-30 17:33:30,887[0m - [36mDEBUG[0m - [37m[MainThread] UM3NetworkPrinting.src.Cloud.CloudOutputDeviceManager._onGetRemoteClustersFinished [170]: Synced cloud printers with account.[0m
[35m2026-09-30 17:34:31,913[0m - [36mDEBUG[0m - [37m[MainThread] UM3NetworkPrinting.src.Cloud.CloudOutputDeviceManager._onGetRemoteClustersFinished [170]: Synced cloud printers with account.[0m
[35m2026-09-30 17:35:32,846[0m - [36mDEBUG[0m - [37m[MainThread] UM3NetworkPrinting.src.Cloud.CloudOutputDeviceManager._onGetRemoteClustersFinished [170]: Synced cloud printers with account.[0m
[35m2026-09-30 17:36:33,672[0m - [36mDEBUG[0m - [37m[MainThread] UM3NetworkPrinting.src.Cloud.CloudOutputDeviceManager._onGetRemoteClustersFinished [170]: Synced cloud printers with account.[0m
[35m2026-09-30 17:37:34,703[0m - [36mDEBUG[0m - [37m[MainThread] UM.TaskManagement.HttpRequestManager._onRequestError [394]: request[4d1ca654][get][PyQt6.QtCore.QUrl('https://api.ultimaker.com/connect/v1/clusters?status=active')][timeout=30][no-data] got an QNetworkReplyError GOAWAY invalid stream/error code. The server returned: b''[0m
[35m2026-09-30 17:38:36,140[0m - [36mDEBUG[0m - [37m[MainThread] UM3NetworkPrinting.src.Cloud.CloudOutputDeviceManager._onGetRemoteClustersFinished [170]: Synced cloud printers with account.[0m
[35m2026-09-30 17:39:37,646[0m - [36mDEBUG[0m - [37m[MainThread] UM3NetworkPrinting.src.Cloud.CloudOutputDeviceManager._onGetRemoteClustersFinished [170]: Synced cloud printers with account.[0m
[35m2026-09-30 17:40:39,946[0m - [36mDEBUG[0m - [37m[MainThread] UM3NetworkPrinting.src.Cloud.CloudOutputDeviceManager._onGetRemoteClustersFinished [170]: Synced cloud printers with account.[0m
[35m2026-09-30 17:41:40,660[0m - [36mDEBUG[0m - [37m[MainThread] UM3NetworkPrinting.src.Cloud.CloudOutputDeviceManager._onGetRemoteClustersFinished [170]: Synced cloud printers with account.[0m
[35m2026-09-30 17:42:41,880[0m - [36mDEBUG[0m - [37m[MainThread] UM3NetworkPrinting.src.Cloud.CloudOutputDeviceManager._onGetRemoteClustersFinished [170]: Synced cloud printers with account.[0m
[35m2026-09-30 17:43:42,733[0m - [36mDEBUG[0m - [37m[MainThread] UM3NetworkPrinting.src.Cloud.CloudOutputDeviceManager._onGetRemoteClustersFinished [170]: Synced cloud printers with account.[0m
[35m2026-09-30 17:44:43,660[0m - [36mDEBUG[0m - [37m[MainThread] UM3NetworkPrinting.src.Cloud.CloudOutputDeviceManager._onGetRemoteClustersFinished [170]: Synced cloud printers with account.[0m
[35m2026-09-30 17:45:44,690[0m - [36mDEBUG[0m - [37m[MainThread] UM3NetworkPrinting.src.Cloud.CloudOutputDeviceManager._onGetRemoteClustersFinished [170]: Synced cloud printers with account.[0m
[35m2026-09-30 17:46:45,722[0m - [36mDEBUG[0m - [37m[MainThread] UM3NetworkPrinting.src.Cloud.CloudOutputDeviceManager._onGetRemoteClustersFinished [170]: Synced cloud printers with account.[0m
[35m2026-09-30 17:47:46,855[0m - [36mDEBUG[0m - [37m[MainThread] UM3NetworkPrinting.src.Cloud.CloudOutputDeviceManager._onGetRemoteClustersFinished [170]: Synced cloud printers with account.[0m
[35m2026-09-30 17:48:47,990[0m - [36mDEBUG[0m - [37m[MainThread] UM3NetworkPrinting.src.Cloud.CloudOutputDeviceManager._onGetRemoteClustersFinished [170]: Synced cloud printers with account.[0m
[35m2026-09-30 17:49:48,815[0m - [36mDEBUG[0m - [37m[MainThread] UM3NetworkPrinting.src.Cloud.CloudOutputDeviceManager._onGetRemoteClustersFinished [170]: Synced cloud printers with account.[0m
[35m2026-09-30 17:50:49,745[0m - [36mDEBUG[0m - [37m[MainThread] UM3NetworkPrinting.src.Cloud.CloudOutputDeviceManager._onGetRemoteClustersFinished [170]: Synced cloud printers with account.[0m
[35m2026-09-30 17:51:50,979[0m - [36mDEBUG[0m - [37m[MainThread] UM3NetworkPrinting.src.Cloud.CloudOutputDeviceManager._onGetRemoteClustersFinished [170]: Synced cloud printers with account.[0m
[35m2026-09-30 17:52:51,636[0m - [36mDEBUG[0m - [37m[MainThread] UM3NetworkPrinting.src.Cloud.CloudOutputDeviceManager._onGetRemoteClustersFinished [170]: Synced cloud printers with account.[0m
[35m2026-09-30 17:53:52,734[0m - [36mDEBUG[0m - [37m[MainThread] UM3NetworkPrinting.src.Cloud.CloudOutputDeviceManager._onGetRemoteClustersFinished [170]: Synced cloud printers with account.[0m
[35m2026-09-30 17:54:53,659[0m - [36mDEBUG[0m - [37m[MainThread] UM3NetworkPrinting.src.Cloud.CloudOutputDeviceManager._onGetRemoteClustersFinished [170]: Synced cloud printers with account.[0m
[35m2026-09-30 17:55:54,796[0m - [36mDEBUG[0m - [37m[MainThread] UM3NetworkPrinting.src.Cloud.CloudOutputDeviceManager._onGetRemoteClustersFinished [170]: Synced cloud printers with account.[0m
[35m2026-09-30 17:56:56,031[0m - [36mDEBUG[0m - [37m[MainThread] UM3NetworkPrinting.src.Cloud.CloudOutputDeviceManager._onGetRemoteClustersFinished [170]: Synced cloud printers with account.[0m
[35m2026-09-30 17:57:56,858[0m - [36mDEBUG[0m - [37m[MainThread] UM3NetworkPrinting.src.Cloud.CloudOutputDeviceManager._onGetRemoteClustersFinished [170]: Synced cloud printers with account.[0m
[35m2026-09-30 17:58:57,763[0m - [36mDEBUG[0m - [37m[MainThread] UM3NetworkPrinting.src.Cloud.CloudOutputDeviceManager._onGetRemoteClustersFinished [170]: Synced cloud printers with account.[0m
[35m2026-09-30 17:59:58,826[0m - [36mDEBUG[0m - [37m[MainThread] UM3NetworkPrinting.src.Cloud.CloudOutputDeviceManager._onGetRemoteClustersFinished [170]: Synced cloud printers with account.[0m
[35m2026-09-30 18:00:59,102[0m - [36mDEBUG[0m - [37m[MainThread] cura.OAuth2.AuthorizationHelpers.getAccessTokenUsingRefreshToken [67]: Refreshing the access token for [https://account.ultimaker.com][0m
[35m2026-09-30 18:00:59,103[0m - [36mDEBUG[0m - [37m[MainThread] cura.OAuth2.AuthorizationService.refreshAccessToken [199]: Was already busy refreshing token. Do not start a new request.[0m
[35m2026-09-30 18:01:01,385[0m - [36mDEBUG[0m - [37m[MainThread] cura.OAuth2.AuthorizationService._storeAuthData [316]: Attempting to store the auth data for [https://account.ultimaker.com][0m
[35m2026-09-30 18:01:02,232[0m - [36mDEBUG[0m - [37m[MainThread] UM3NetworkPrinting.src.Cloud.CloudOutputDeviceManager._onGetRemoteClustersFinished [170]: Synced cloud printers with account.[0m
[35m2026-09-30 18:01:11,108[0m - [36mDEBUG[0m - [37m[MainThread] cura.AutoSave._onTimeout [64]: Autosaving preferences, instances and profiles took 0.00538325309753418 seconds[0m
[35m2026-09-30 18:02:03,030[0m - [36mDEBUG[0m - [37m[MainThread] UM3NetworkPrinting.src.Cloud.CloudOutputDeviceManager._onGetRemoteClustersFinished [170]: Synced cloud printers with account.[0m
[35m2026-09-30 18:03:03,665[0m - [36mDEBUG[0m - [37m[MainThread] UM3NetworkPrinting.src.Cloud.CloudOutputDeviceManager._onGetRemoteClustersFinished [170]: Synced cloud printers with account.[0m
[35m2026-09-30 18:04:04,887[0m - [36mDEBUG[0m - [37m[MainThread] UM3NetworkPrinting.src.Cloud.CloudOutputDeviceManager._onGetRemoteClustersFinished [170]: Synced cloud printers with account.[0m
[35m2026-09-30 18:05:05,634[0m - [36mDEBUG[0m - [37m[MainThread] UM3NetworkPrinting.src.Cloud.CloudOutputDeviceManager._onGetRemoteClustersFinished [170]: Synced cloud printers with account.[0m
[35m2026-09-30 18:06:06,823[0m - [36mDEBUG[0m - [37m[MainThread] UM3NetworkPrinting.src.Cloud.CloudOutputDeviceManager._onGetRemoteClustersFinished [170]: Synced cloud printers with account.[0m
[35m2026-09-30 18:07:07,877[0m - [36mDEBUG[0m - [37m[MainThread] UM3NetworkPrinting.src.Cloud.CloudOutputDeviceManager._onGetRemoteClustersFinished [170]: Synced cloud printers with account.[0m
[35m2026-09-30 18:08:08,703[0m - [36mDEBUG[0m - [37m[MainThread] UM3NetworkPrinting.src.Cloud.CloudOutputDeviceManager._onGetRemoteClustersFinished [170]: Synced cloud printers with account.[0m
[35m2026-09-30 18:09:09,733[0m - [36mDEBUG[0m - [37m[MainThread] UM3NetworkPrinting.src.Cloud.CloudOutputDeviceManager._onGetRemoteClustersFinished [170]: Synced cloud printers with account.[0m
[35m2026-09-30 18:10:10,867[0m - [36mDEBUG[0m - [37m[MainThread] UM3NetworkPrinting.src.Cloud.CloudOutputDeviceManager._onGetRemoteClustersFinished [170]: Synced cloud printers with account.[0m
[35m2026-09-30 18:11:11,694[0m - [36mDEBUG[0m - [37m[MainThread] UM3NetworkPrinting.src.Cloud.CloudOutputDeviceManager._onGetRemoteClustersFinished [170]: Synced cloud printers with account.[0m
[35m2026-09-30 18:12:12,827[0m - [36mDEBUG[0m - [37m[MainThread] UM3NetworkPrinting.src.Cloud.CloudOutputDeviceManager._onGetRemoteClustersFinished [170]: Synced cloud printers with account.[0m
[35m2026-09-30 18:13:13,757[0m - [36mDEBUG[0m - [37m[MainThread] UM3NetworkPrinting.src.Cloud.CloudOutputDeviceManager._onGetRemoteClustersFinished [170]: Synced cloud printers with account.[0m
[35m2026-09-30 18:14:14,787[0m - [36mDEBUG[0m - [37m[MainThread] UM3NetworkPrinting.src.Cloud.CloudOutputDeviceManager._onGetRemoteClustersFinished [170]: Synced cloud printers with account.[0m
[35m2026-09-30 18:15:15,818[0m - [36mDEBUG[0m - [37m[MainThread] UM3NetworkPrinting.src.Cloud.CloudOutputDeviceManager._onGetRemoteClustersFinished [170]: Synced cloud printers with account.[0m
[35m2026-09-30 18:16:16,626[0m - [36mDEBUG[0m - [37m[MainThread] UM3NetworkPrinting.src.Cloud.CloudOutputDeviceManager._onGetRemoteClustersFinished [170]: Synced cloud printers with account.[0m
[35m2026-09-30 18:17:17,670[0m - [36mDEBUG[0m - [37m[MainThread] UM3NetworkPrinting.src.Cloud.CloudOutputDeviceManager._onGetRemoteClustersFinished [170]: Synced cloud printers with account.[0m
[35m2026-09-30 18:18:18,830[0m - [36mDEBUG[0m - [37m[MainThread] UM3NetworkPrinting.src.Cloud.CloudOutputDeviceManager._onGetRemoteClustersFinished [170]: Synced cloud printers with account.[0m
[35m2026-09-30 18:19:19,735[0m - [36mDEBUG[0m - [37m[MainThread] UM3NetworkPrinting.src.Cloud.CloudOutputDeviceManager._onGetRemoteClustersFinished [170]: Synced cloud printers with account.[0m
[35m2026-09-30 18:20:20,870[0m - [36mDEBUG[0m - [37m[MainThread] UM3NetworkPrinting.src.Cloud.CloudOutputDeviceManager._onGetRemoteClustersFinished [170]: Synced cloud printers with account.[0m
[35m2026-09-30 18:21:21,901[0m - [36mDEBUG[0m - [37m[MainThread] UM3NetworkPrinting.src.Cloud.CloudOutputDeviceManager._onGetRemoteClustersFinished [170]: Synced cloud printers with account.[0m
[35m2026-09-30 18:22:22,636[0m - [36mDEBUG[0m - [37m[MainThread] UM3NetworkPrinting.src.Cloud.CloudOutputDeviceManager._onGetRemoteClustersFinished [170]: Synced cloud printers with account.[0m
[35m2026-09-30 18:23:24,884[0m - [36mDEBUG[0m - [37m[MainThread] UM3NetworkPrinting.src.Cloud.CloudOutputDeviceManager._onGetRemoteClustersFinished [170]: Synced cloud printers with account.[0m
[35m2026-09-30 18:24:25,790[0m - [36mDEBUG[0m - [37m[MainThread] UM3NetworkPrinting.src.Cloud.CloudOutputDeviceManager._onGetRemoteClustersFinished [170]: Synced cloud printers with account.[0m
[35m2026-09-30 18:25:26,750[0m - [36mDEBUG[0m - [37m[MainThread] UM3NetworkPrinting.src.Cloud.CloudOutputDeviceManager._onGetRemoteClustersFinished [170]: Synced cloud printers with account.[0m
[35m2026-09-30 18:26:27,772[0m - [36mDEBUG[0m - [37m[MainThread] UM3NetworkPrinting.src.Cloud.CloudOutputDeviceManager._onGetRemoteClustersFinished [170]: Synced cloud printers with account.[0m
[35m2026-09-30 18:27:28,700[0m - [36mDEBUG[0m - [37m[MainThread] UM3NetworkPrinting.src.Cloud.CloudOutputDeviceManager._onGetRemoteClustersFinished [170]: Synced cloud printers with account.[0m
[35m2026-09-30 18:28:29,731[0m - [36mDEBUG[0m - [37m[MainThread] UM3NetworkPrinting.src.Cloud.CloudOutputDeviceManager._onGetRemoteClustersFinished [170]: Synced cloud printers with account.[0m
[35m2026-09-30 18:29:30,660[0m - [36mDEBUG[0m - [37m[MainThread] UM3NetworkPrinting.src.Cloud.CloudOutputDeviceManager._onGetRemoteClustersFinished [170]: Synced cloud printers with account.[0m
[35m2026-09-30 18:30:31,103[0m - [36mDEBUG[0m - [37m[MainThread] cura.OAuth2.AuthorizationHelpers.getAccessTokenUsingRefreshToken [67]: Refreshing the access token for [https://account.ultimaker.com][0m
[35m2026-09-30 18:30:31,103[0m - [36mDEBUG[0m - [37m[MainThread] cura.OAuth2.AuthorizationService.refreshAccessToken [199]: Was already busy refreshing token. Do not start a new request.[0m
[35m2026-09-30 18:30:32,919[0m - [36mDEBUG[0m - [37m[MainThread] cura.OAuth2.AuthorizationService._storeAuthData [316]: Attempting to store the auth data for [https://account.ultimaker.com][0m
[35m2026-09-30 18:30:33,576[0m - [36mDEBUG[0m - [37m[MainThread] UM3NetworkPrinting.src.Cloud.CloudOutputDeviceManager._onGetRemoteClustersFinished [170]: Synced cloud printers with account.[0m
[35m2026-09-30 18:30:43,108[0m - [36mDEBUG[0m - [37m[MainThread] cura.AutoSave._onTimeout [64]: Autosaving preferences, instances and profiles took 0.005596160888671875 seconds[0m
[35m2026-09-30 18:31:33,746[0m - [36mDEBUG[0m - [37m[MainThread] UM3NetworkPrinting.src.Cloud.CloudOutputDeviceManager._onGetRemoteClustersFinished [170]: Synced cloud printers with account.[0m
[35m2026-09-30 18:32:34,777[0m - [36mDEBUG[0m - [37m[MainThread] UM3NetworkPrinting.src.Cloud.CloudOutputDeviceManager._onGetRemoteClustersFinished [170]: Synced cloud printers with account.[0m
[35m2026-09-30 18:33:35,774[0m - [36mDEBUG[0m - [37m[MainThread] UM3NetworkPrinting.src.Cloud.CloudOutputDeviceManager._onGetRemoteClustersFinished [170]: Synced cloud printers with account.[0m
[35m2026-09-30 18:34:36,839[0m - [36mDEBUG[0m - [37m[MainThread] UM3NetworkPrinting.src.Cloud.CloudOutputDeviceManager._onGetRemoteClustersFinished [170]: Synced cloud printers with account.[0m
[35m2026-09-30 18:35:37,665[0m - [36mDEBUG[0m - [37m[MainThread] UM3NetworkPrinting.src.Cloud.CloudOutputDeviceManager._onGetRemoteClustersFinished [170]: Synced cloud printers with account.[0m
[35m2026-09-30 18:36:38,696[0m - [36mDEBUG[0m - [37m[MainThread] UM3NetworkPrinting.src.Cloud.CloudOutputDeviceManager._onGetRemoteClustersFinished [170]: Synced cloud printers with account.[0m
[35m2026-09-30 18:37:39,727[0m - [36mDEBUG[0m - [37m[MainThread] UM3NetworkPrinting.src.Cloud.CloudOutputDeviceManager._onGetRemoteClustersFinished [170]: Synced cloud printers with account.[0m
[35m2026-09-30 18:38:40,630[0m - [36mDEBUG[0m - [37m[MainThread] UM3NetworkPrinting.src.Cloud.CloudOutputDeviceManager._onGetRemoteClustersFinished [170]: Synced cloud printers with account.[0m
[35m2026-09-30 18:38:40,630[0m - [36mDEBUG[0m - [37m[MainThread] UM.TaskManagement.HttpRequestManager._onRequestError [394]: request[bca68726][get][PyQt6.QtCore.QUrl('https://api.ultimaker.com/cura-packages/v1/user/packages')][timeout=10][no-data] got an QNetworkReplyError GOAWAY invalid stream/error code. The server returned: b''[0m
[35m2026-09-30 18:38:40,631[0m - [33mWARNING[0m - [37m[MainThread] Marketplace.CloudSync.CloudPackageChecker._onUserPackagesRequestFinished [76]: Requesting user packages failed, response code -1 while trying to connect to PyQt6.QtCore.QUrl('https://api.ultimaker.com/cura-packages/v1/user/packages')[0m
[35m2026-09-30 18:39:41,866[0m - [36mDEBUG[0m - [37m[MainThread] UM3NetworkPrinting.src.Cloud.CloudOutputDeviceManager._onGetRemoteClustersFinished [170]: Synced cloud printers with account.[0m
[35m2026-09-30 18:40:42,719[0m - [36mDEBUG[0m - [37m[MainThread] UM3NetworkPrinting.src.Cloud.CloudOutputDeviceManager._onGetRemoteClustersFinished [170]: Synced cloud printers with account.[0m
[35m2026-09-30 18:41:43,697[0m - [36mDEBUG[0m - [37m[MainThread] UM3NetworkPrinting.src.Cloud.CloudOutputDeviceManager._onGetRemoteClustersFinished [170]: Synced cloud printers with account.[0m
[35m2026-09-30 18:42:44,782[0m - [36mDEBUG[0m - [37m[MainThread] UM3NetworkPrinting.src.Cloud.CloudOutputDeviceManager._onGetRemoteClustersFinished [170]: Synced cloud printers with account.[0m
[35m2026-09-30 18:43:45,630[0m - [36mDEBUG[0m - [37m[MainThread] UM3NetworkPrinting.src.Cloud.CloudOutputDeviceManager._onGetRemoteClustersFinished [170]: Synced cloud printers with account.[0m
[35m2026-09-30 18:44:46,738[0m - [36mDEBUG[0m - [37m[MainThread] UM3NetworkPrinting.src.Cloud.CloudOutputDeviceManager._onGetRemoteClustersFinished [170]: Synced cloud printers with account.[0m
[35m2026-09-30 18:45:47,770[0m - [36mDEBUG[0m - [37m[MainThread] UM3NetworkPrinting.src.Cloud.CloudOutputDeviceManager._onGetRemoteClustersFinished [170]: Synced cloud printers with account.[0m
[35m2026-09-30 18:46:48,699[0m - [36mDEBUG[0m - [37m[MainThread] UM3NetworkPrinting.src.Cloud.CloudOutputDeviceManager._onGetRemoteClustersFinished [170]: Synced cloud printers with account.[0m
[35m2026-09-30 18:47:49,936[0m - [36mDEBUG[0m - [37m[MainThread] UM3NetworkPrinting.src.Cloud.CloudOutputDeviceManager._onGetRemoteClustersFinished [170]: Synced cloud printers with account.[0m
[35m2026-09-30 18:48:50,863[0m - [36mDEBUG[0m - [37m[MainThread] UM3NetworkPrinting.src.Cloud.CloudOutputDeviceManager._onGetRemoteClustersFinished [170]: Synced cloud printers with account.[0m
[35m2026-09-30 18:49:51,667[0m - [36mDEBUG[0m - [37m[MainThread] UM3NetworkPrinting.src.Cloud.CloudOutputDeviceManager._onGetRemoteClustersFinished [170]: Synced cloud printers with account.[0m
[35m2026-09-30 18:50:52,628[0m - [36mDEBUG[0m - [37m[MainThread] UM3NetworkPrinting.src.Cloud.CloudOutputDeviceManager._onGetRemoteClustersFinished [170]: Synced cloud printers with account.[0m
[35m2026-09-30 18:51:55,399[0m - [36mDEBUG[0m - [37m[MainThread] UM3NetworkPrinting.src.Cloud.CloudOutputDeviceManager._onGetRemoteClustersFinished [170]: Synced cloud printers with account.[0m
[35m2026-09-30 18:52:56,534[0m - [36mDEBUG[0m - [37m[MainThread] UM3NetworkPrinting.src.Cloud.CloudOutputDeviceManager._onGetRemoteClustersFinished [170]: Synced cloud printers with account.[0m
[35m2026-09-30 18:53:57,845[0m - [36mDEBUG[0m - [37m[MainThread] UM3NetworkPrinting.src.Cloud.CloudOutputDeviceManager._onGetRemoteClustersFinished [170]: Synced cloud printers with account.[0m
[35m2026-09-30 18:54:58,595[0m - [36mDEBUG[0m - [37m[MainThread] UM3NetworkPrinting.src.Cloud.CloudOutputDeviceManager._onGetRemoteClustersFinished [170]: Synced cloud printers with account.[0m
[35m2026-09-30 18:55:59,455[0m - [36mDEBUG[0m - [37m[MainThread] UM3NetworkPrinting.src.Cloud.CloudOutputDeviceManager._onGetRemoteClustersFinished [170]: Synced cloud printers with account.[0m
[35m2026-09-30 18:57:00,555[0m - [36mDEBUG[0m - [37m[MainThread] UM3NetworkPrinting.src.Cloud.CloudOutputDeviceManager._onGetRemoteClustersFinished [170]: Synced cloud printers with account.[0m
[35m2026-09-30 18:58:01,381[0m - [36mDEBUG[0m - [37m[MainThread] UM3NetworkPrinting.src.Cloud.CloudOutputDeviceManager._onGetRemoteClustersFinished [170]: Synced cloud printers with account.[0m
[35m2026-09-30 18:59:02,617[0m - [36mDEBUG[0m - [37m[MainThread] UM3NetworkPrinting.src.Cloud.CloudOutputDeviceManager._onGetRemoteClustersFinished [170]: Synced cloud printers with account.[0m
[35m2026-09-30 19:00:02,751[0m - [36mDEBUG[0m - [37m[MainThread] cura.OAuth2.AuthorizationHelpers.getAccessTokenUsingRefreshToken [67]: Refreshing the access token for [https://account.ultimaker.com][0m
[35m2026-09-30 19:00:02,752[0m - [36mDEBUG[0m - [37m[MainThread] cura.OAuth2.AuthorizationService.refreshAccessToken [199]: Was already busy refreshing token. Do not start a new request.[0m
[35m2026-09-30 19:00:05,081[0m - [36mDEBUG[0m - [37m[MainThread] cura.OAuth2.AuthorizationService._storeAuthData [316]: Attempting to store the auth data for [https://account.ultimaker.com][0m
[35m2026-09-30 19:00:06,155[0m - [36mDEBUG[0m - [37m[MainThread] UM3NetworkPrinting.src.Cloud.CloudOutputDeviceManager._onGetRemoteClustersFinished [170]: Synced cloud printers with account.[0m
[35m2026-09-30 19:00:14,758[0m - [36mDEBUG[0m - [37m[MainThread] cura.AutoSave._onTimeout [64]: Autosaving preferences, instances and profiles took 0.006266355514526367 seconds[0m
[35m2026-09-30 19:01:06,316[0m - [36mDEBUG[0m - [37m[MainThread] UM3NetworkPrinting.src.Cloud.CloudOutputDeviceManager._onGetRemoteClustersFinished [170]: Synced cloud printers with account.[0m
[35m2026-09-30 19:02:07,927[0m - [36mDEBUG[0m - [37m[MainThread] UM3NetworkPrinting.src.Cloud.CloudOutputDeviceManager._onGetRemoteClustersFinished [170]: Synced cloud printers with account.[0m
[35m2026-09-30 19:03:08,481[0m - [36mDEBUG[0m - [37m[MainThread] UM3NetworkPrinting.src.Cloud.CloudOutputDeviceManager._onGetRemoteClustersFinished [170]: Synced cloud printers with account.[0m
[35m2026-09-30 19:04:09,409[0m - [36mDEBUG[0m - [37m[MainThread] UM3NetworkPrinting.src.Cloud.CloudOutputDeviceManager._onGetRemoteClustersFinished [170]: Synced cloud printers with account.[0m
[35m2026-09-30 19:05:10,441[0m - [36mDEBUG[0m - [37m[MainThread] UM3NetworkPrinting.src.Cloud.CloudOutputDeviceManager._onGetRemoteClustersFinished [170]: Synced cloud printers with account.[0m
[35m2026-09-30 19:06:11,574[0m - [36mDEBUG[0m - [37m[MainThread] UM3NetworkPrinting.src.Cloud.CloudOutputDeviceManager._onGetRemoteClustersFinished [170]: Synced cloud printers with account.[0m
[35m2026-09-30 19:07:12,400[0m - [36mDEBUG[0m - [37m[MainThread] UM3NetworkPrinting.src.Cloud.CloudOutputDeviceManager._onGetRemoteClustersFinished [170]: Synced cloud printers with account.[0m
[35m2026-09-30 19:08:13,431[0m - [36mDEBUG[0m - [37m[MainThread] UM3NetworkPrinting.src.Cloud.CloudOutputDeviceManager._onGetRemoteClustersFinished [170]: Synced cloud printers with account.[0m
[35m2026-09-30 19:09:14,564[0m - [36mDEBUG[0m - [37m[MainThread] UM3NetworkPrinting.src.Cloud.CloudOutputDeviceManager._onGetRemoteClustersFinished [170]: Synced cloud printers with account.[0m
[35m2026-09-30 19:10:15,494[0m - [36mDEBUG[0m - [37m[MainThread] UM3NetworkPrinting.src.Cloud.CloudOutputDeviceManager._onGetRemoteClustersFinished [170]: Synced cloud printers with account.[0m
[35m2026-09-30 19:11:16,331[0m - [36mDEBUG[0m - [37m[MainThread] UM3NetworkPrinting.src.Cloud.CloudOutputDeviceManager._onGetRemoteClustersFinished [170]: Synced cloud printers with account.[0m
[35m2026-09-30 19:12:17,350[0m - [36mDEBUG[0m - [37m[MainThread] UM3NetworkPrinting.src.Cloud.CloudOutputDeviceManager._onGetRemoteClustersFinished [170]: Synced cloud printers with account.[0m
[35m2026-09-30 19:13:18,382[0m - [36mDEBUG[0m - [37m[MainThread] UM3NetworkPrinting.src.Cloud.CloudOutputDeviceManager._onGetRemoteClustersFinished [170]: Synced cloud printers with account.[0m
[35m2026-09-30 19:14:19,415[0m - [36mDEBUG[0m - [37m[MainThread] UM3NetworkPrinting.src.Cloud.CloudOutputDeviceManager._onGetRemoteClustersFinished [170]: Synced cloud printers with account.[0m
[35m2026-09-30 19:15:20,342[0m - [36mDEBUG[0m - [37m[MainThread] UM3NetworkPrinting.src.Cloud.CloudOutputDeviceManager._onGetRemoteClustersFinished [170]: Synced cloud printers with account.[0m
[35m2026-09-30 19:16:21,283[0m - [36mDEBUG[0m - [37m[MainThread] UM3NetworkPrinting.src.Cloud.CloudOutputDeviceManager._onGetRemoteClustersFinished [170]: Synced cloud printers with account.[0m
[35m2026-09-30 19:17:22,429[0m - [36mDEBUG[0m - [37m[MainThread] UM3NetworkPrinting.src.Cloud.CloudOutputDeviceManager._onGetRemoteClustersFinished [170]: Synced cloud printers with account.[0m
[35m2026-09-30 19:18:23,433[0m - [36mDEBUG[0m - [37m[MainThread] UM3NetworkPrinting.src.Cloud.CloudOutputDeviceManager._onGetRemoteClustersFinished [170]: Synced cloud printers with account.[0m
[35m2026-09-30 19:19:24,270[0m - [36mDEBUG[0m - [37m[MainThread] UM3NetworkPrinting.src.Cloud.CloudOutputDeviceManager._onGetRemoteClustersFinished [170]: Synced cloud printers with account.[0m
[35m2026-09-30 19:20:25,281[0m - [36mDEBUG[0m - [37m[MainThread] UM3NetworkPrinting.src.Cloud.CloudOutputDeviceManager._onGetRemoteClustersFinished [170]: Synced cloud printers with account.[0m
[35m2026-09-30 19:21:26,320[0m - [36mDEBUG[0m - [37m[MainThread] UM3NetworkPrinting.src.Cloud.CloudOutputDeviceManager._onGetRemoteClustersFinished [170]: Synced cloud printers with account.[0m
[35m2026-09-30 19:22:27,351[0m - [36mDEBUG[0m - [37m[MainThread] UM3NetworkPrinting.src.Cloud.CloudOutputDeviceManager._onGetRemoteClustersFinished [170]: Synced cloud printers with account.[0m
[35m2026-09-30 19:23:28,486[0m - [36mDEBUG[0m - [37m[MainThread] UM3NetworkPrinting.src.Cloud.CloudOutputDeviceManager._onGetRemoteClustersFinished [170]: Synced cloud printers with account.[0m
[35m2026-09-30 19:24:29,414[0m - [36mDEBUG[0m - [37m[MainThread] UM3NetworkPrinting.src.Cloud.CloudOutputDeviceManager._onGetRemoteClustersFinished [170]: Synced cloud printers with account.[0m
[35m2026-09-30 19:25:30,548[0m - [36mDEBUG[0m - [37m[MainThread] UM3NetworkPrinting.src.Cloud.CloudOutputDeviceManager._onGetRemoteClustersFinished [170]: Synced cloud printers with account.[0m
[35m2026-09-30 19:26:31,373[0m - [36mDEBUG[0m - [37m[MainThread] UM3NetworkPrinting.src.Cloud.CloudOutputDeviceManager._onGetRemoteClustersFinished [170]: Synced cloud printers with account.[0m
[35m2026-09-30 19:27:32,609[0m - [36mDEBUG[0m - [37m[MainThread] UM3NetworkPrinting.src.Cloud.CloudOutputDeviceManager._onGetRemoteClustersFinished [170]: Synced cloud printers with account.[0m
[35m2026-09-30 19:28:33,416[0m - [36mDEBUG[0m - [37m[MainThread] UM3NetworkPrinting.src.Cloud.CloudOutputDeviceManager._onGetRemoteClustersFinished [170]: Synced cloud printers with account.[0m
[35m2026-09-30 19:29:33,752[0m - [36mDEBUG[0m - [37m[MainThread] cura.OAuth2.AuthorizationHelpers.getAccessTokenUsingRefreshToken [67]: Refreshing the access token for [https://account.ultimaker.com][0m
[35m2026-09-30 19:29:33,753[0m - [36mDEBUG[0m - [37m[MainThread] cura.OAuth2.AuthorizationService.refreshAccessToken [199]: Was already busy refreshing token. Do not start a new request.[0m
[35m2026-09-30 19:29:35,489[0m - [36mDEBUG[0m - [37m[MainThread] cura.OAuth2.AuthorizationService._storeAuthData [316]: Attempting to store the auth data for [https://account.ultimaker.com][0m
[35m2026-09-30 19:29:36,309[0m - [36mDEBUG[0m - [37m[MainThread] UM3NetworkPrinting.src.Cloud.CloudOutputDeviceManager._onGetRemoteClustersFinished [170]: Synced cloud printers with account.[0m
[35m2026-09-30 19:29:45,757[0m - [36mDEBUG[0m - [37m[MainThread] cura.AutoSave._onTimeout [64]: Autosaving preferences, instances and profiles took 0.005950212478637695 seconds[0m
[35m2026-09-30 19:30:37,322[0m - [36mDEBUG[0m - [37m[MainThread] UM3NetworkPrinting.src.Cloud.CloudOutputDeviceManager._onGetRemoteClustersFinished [170]: Synced cloud printers with account.[0m
[35m2026-09-30 19:31:38,316[0m - [36mDEBUG[0m - [37m[MainThread] UM3NetworkPrinting.src.Cloud.CloudOutputDeviceManager._onGetRemoteClustersFinished [170]: Synced cloud printers with account.[0m
[35m2026-09-30 19:32:39,276[0m - [36mDEBUG[0m - [37m[MainThread] UM3NetworkPrinting.src.Cloud.CloudOutputDeviceManager._onGetRemoteClustersFinished [170]: Synced cloud printers with account.[0m
[35m2026-09-30 19:33:40,331[0m - [36mDEBUG[0m - [37m[MainThread] UM3NetworkPrinting.src.Cloud.CloudOutputDeviceManager._onGetRemoteClustersFinished [170]: Synced cloud printers with account.[0m
[35m2026-09-30 19:34:41,362[0m - [36mDEBUG[0m - [37m[MainThread] UM3NetworkPrinting.src.Cloud.CloudOutputDeviceManager._onGetRemoteClustersFinished [170]: Synced cloud printers with account.[0m
[35m2026-09-30 19:35:42,312[0m - [36mDEBUG[0m - [37m[MainThread] UM3NetworkPrinting.src.Cloud.CloudOutputDeviceManager._onGetRemoteClustersFinished [170]: Synced cloud printers with account.[0m
[35m2026-09-30 19:36:43,526[0m - [36mDEBUG[0m - [37m[MainThread] UM3NetworkPrinting.src.Cloud.CloudOutputDeviceManager._onGetRemoteClustersFinished [170]: Synced cloud printers with account.[0m
[35m2026-09-30 19:37:44,358[0m - [36mDEBUG[0m - [37m[MainThread] UM3NetworkPrinting.src.Cloud.CloudOutputDeviceManager._onGetRemoteClustersFinished [170]: Synced cloud printers with account.[0m
[35m2026-09-30 19:38:45,349[0m - [36mDEBUG[0m - [37m[MainThread] UM3NetworkPrinting.src.Cloud.CloudOutputDeviceManager._onGetRemoteClustersFinished [170]: Synced cloud printers with account.[0m
[35m2026-09-30 19:39:46,415[0m - [36mDEBUG[0m - [37m[MainThread] UM.TaskManagement.HttpRequestManager._onRequestError [394]: request[30584188][get][PyQt6.QtCore.QUrl('https://api.ultimaker.com/cura-packages/v1/user/packages')][timeout=10][no-data] got an QNetworkReplyError GOAWAY invalid stream/error code. The server returned: b''[0m
[35m2026-09-30 19:39:46,415[0m - [36mDEBUG[0m - [37m[MainThread] UM3NetworkPrinting.src.Cloud.CloudOutputDeviceManager._onGetRemoteClustersFinished [170]: Synced cloud printers with account.[0m
[35m2026-09-30 19:39:46,416[0m - [33mWARNING[0m - [37m[MainThread] Marketplace.CloudSync.CloudPackageChecker._onUserPackagesRequestFinished [76]: Requesting user packages failed, response code -1 while trying to connect to PyQt6.QtCore.QUrl('https://api.ultimaker.com/cura-packages/v1/user/packages')[0m
[35m2026-09-30 19:40:47,760[0m - [36mDEBUG[0m - [37m[MainThread] UM3NetworkPrinting.src.Cloud.CloudOutputDeviceManager._onGetRemoteClustersFinished [170]: Synced cloud printers with account.[0m
[35m2026-09-30 19:41:49,321[0m - [36mDEBUG[0m - [37m[MainThread] UM3NetworkPrinting.src.Cloud.CloudOutputDeviceManager._onGetRemoteClustersFinished [170]: Synced cloud printers with account.[0m
[35m2026-09-30 19:42:50,326[0m - [36mDEBUG[0m - [37m[MainThread] UM3NetworkPrinting.src.Cloud.CloudOutputDeviceManager._onGetRemoteClustersFinished [170]: Synced cloud printers with account.[0m
[35m2026-09-30 19:43:51,339[0m - [36mDEBUG[0m - [37m[MainThread] UM3NetworkPrinting.src.Cloud.CloudOutputDeviceManager._onGetRemoteClustersFinished [170]: Synced cloud printers with account.[0m
[35m2026-09-30 19:44:52,387[0m - [36mDEBUG[0m - [37m[MainThread] UM3NetworkPrinting.src.Cloud.CloudOutputDeviceManager._onGetRemoteClustersFinished [170]: Synced cloud printers with account.[0m
[35m2026-09-30 19:45:53,419[0m - [36mDEBUG[0m - [37m[MainThread] UM3NetworkPrinting.src.Cloud.CloudOutputDeviceManager._onGetRemoteClustersFinished [170]: Synced cloud printers with account.[0m
[35m2026-09-30 19:46:54,364[0m - [36mDEBUG[0m - [37m[MainThread] UM3NetworkPrinting.src.Cloud.CloudOutputDeviceManager._onGetRemoteClustersFinished [170]: Synced cloud printers with account.[0m
[35m2026-09-30 19:47:55,345[0m - [36mDEBUG[0m - [37m[MainThread] UM3NetworkPrinting.src.Cloud.CloudOutputDeviceManager._onGetRemoteClustersFinished [170]: Synced cloud printers with account.[0m
[35m2026-09-30 19:48:56,306[0m - [36mDEBUG[0m - [37m[MainThread] UM3NetworkPrinting.src.Cloud.CloudOutputDeviceManager._onGetRemoteClustersFinished [170]: Synced cloud printers with account.[0m
[35m2026-09-30 19:49:57,470[0m - [36mDEBUG[0m - [37m[MainThread] UM3NetworkPrinting.src.Cloud.CloudOutputDeviceManager._onGetRemoteClustersFinished [170]: Synced cloud printers with account.[0m
[35m2026-09-30 19:50:58,369[0m - [36mDEBUG[0m - [37m[MainThread] UM3NetworkPrinting.src.Cloud.CloudOutputDeviceManager._onGetRemoteClustersFinished [170]: Synced cloud printers with account.[0m
[35m2026-09-30 19:51:59,465[0m - [36mDEBUG[0m - [37m[MainThread] UM3NetworkPrinting.src.Cloud.CloudOutputDeviceManager._onGetRemoteClustersFinished [170]: Synced cloud printers with account.[0m
[35m2026-09-30 19:53:00,532[0m - [36mDEBUG[0m - [37m[MainThread] UM3NetworkPrinting.src.Cloud.CloudOutputDeviceManager._onGetRemoteClustersFinished [170]: Synced cloud printers with account.[0m
[35m2026-09-30 19:54:01,358[0m - [36mDEBUG[0m - [37m[MainThread] UM3NetworkPrinting.src.Cloud.CloudOutputDeviceManager._onGetRemoteClustersFinished [170]: Synced cloud printers with account.[0m
[35m2026-09-30 19:55:02,389[0m - [36mDEBUG[0m - [37m[MainThread] UM3NetworkPrinting.src.Cloud.CloudOutputDeviceManager._onGetRemoteClustersFinished [170]: Synced cloud printers with account.[0m
[35m2026-09-30 19:56:03,412[0m - [36mDEBUG[0m - [37m[MainThread] UM3NetworkPrinting.src.Cloud.CloudOutputDeviceManager._onGetRemoteClustersFinished [170]: Synced cloud printers with account.[0m
[35m2026-09-30 19:57:04,413[0m - [36mDEBUG[0m - [37m[MainThread] UM3NetworkPrinting.src.Cloud.CloudOutputDeviceManager._onGetRemoteClustersFinished [170]: Synced cloud printers with account.[0m
[35m2026-09-30 19:58:05,465[0m - [36mDEBUG[0m - [37m[MainThread] UM3NetworkPrinting.src.Cloud.CloudOutputDeviceManager._onGetRemoteClustersFinished [170]: Synced cloud printers with account.[0m
[35m2026-09-30 19:59:05,752[0m - [36mDEBUG[0m - [37m[MainThread] cura.OAuth2.AuthorizationHelpers.getAccessTokenUsingRefreshToken [67]: Refreshing the access token for [https://account.ultimaker.com][0m
[35m2026-09-30 19:59:05,753[0m - [36mDEBUG[0m - [37m[MainThread] cura.OAuth2.AuthorizationService.refreshAccessToken [199]: Was already busy refreshing token. Do not start a new request.[0m
[35m2026-09-30 19:59:07,434[0m - [36mDEBUG[0m - [37m[MainThread] cura.OAuth2.AuthorizationService._storeAuthData [316]: Attempting to store the auth data for [https://account.ultimaker.com][0m
[35m2026-09-30 19:59:08,033[0m - [36mDEBUG[0m - [37m[MainThread] UM3NetworkPrinting.src.Cloud.CloudOutputDeviceManager._onGetRemoteClustersFinished [170]: Synced cloud printers with account.[0m
[35m2026-09-30 19:59:17,757[0m - [36mDEBUG[0m - [37m[MainThread] cura.AutoSave._onTimeout [64]: Autosaving preferences, instances and profiles took 0.006311893463134766 seconds[0m
[35m2026-09-30 20:00:08,773[0m - [36mDEBUG[0m - [37m[MainThread] UM3NetworkPrinting.src.Cloud.CloudOutputDeviceManager._onGetRemoteClustersFinished [170]: Synced cloud printers with account.[0m
[35m2026-09-30 20:01:09,664[0m - [36mDEBUG[0m - [37m[MainThread] UM3NetworkPrinting.src.Cloud.CloudOutputDeviceManager._onGetRemoteClustersFinished [170]: Synced cloud printers with account.[0m
[35m2026-09-30 20:02:10,316[0m - [36mDEBUG[0m - [37m[MainThread] UM3NetworkPrinting.src.Cloud.CloudOutputDeviceManager._onGetRemoteClustersFinished [170]: Synced cloud printers with account.[0m
[35m2026-09-30 20:03:11,462[0m - [36mDEBUG[0m - [37m[MainThread] UM3NetworkPrinting.src.Cloud.CloudOutputDeviceManager._onGetRemoteClustersFinished [170]: Synced cloud printers with account.[0m
[35m2026-09-30 20:04:12,590[0m - [36mDEBUG[0m - [37m[MainThread] UM3NetworkPrinting.src.Cloud.CloudOutputDeviceManager._onGetRemoteClustersFinished [170]: Synced cloud printers with account.[0m
[35m2026-09-30 20:05:13,416[0m - [36mDEBUG[0m - [37m[MainThread] UM3NetworkPrinting.src.Cloud.CloudOutputDeviceManager._onGetRemoteClustersFinished [170]: Synced cloud printers with account.[0m
[35m2026-09-30 20:06:14,445[0m - [36mDEBUG[0m - [37m[MainThread] UM3NetworkPrinting.src.Cloud.CloudOutputDeviceManager._onGetRemoteClustersFinished [170]: Synced cloud printers with account.[0m
[35m2026-09-30 20:07:15,377[0m - [36mDEBUG[0m - [37m[MainThread] UM3NetworkPrinting.src.Cloud.CloudOutputDeviceManager._onGetRemoteClustersFinished [170]: Synced cloud printers with account.[0m
[35m2026-09-30 20:08:16,413[0m - [36mDEBUG[0m - [37m[MainThread] UM3NetworkPrinting.src.Cloud.CloudOutputDeviceManager._onGetRemoteClustersFinished [170]: Synced cloud printers with account.[0m
[35m2026-09-30 20:09:17,437[0m - [36mDEBUG[0m - [37m[MainThread] UM3NetworkPrinting.src.Cloud.CloudOutputDeviceManager._onGetRemoteClustersFinished [170]: Synced cloud printers with account.[0m
[35m2026-09-30 20:10:18,570[0m - [36mDEBUG[0m - [37m[MainThread] UM3NetworkPrinting.src.Cloud.CloudOutputDeviceManager._onGetRemoteClustersFinished [170]: Synced cloud printers with account.[0m
[35m2026-09-30 20:11:19,461[0m - [36mDEBUG[0m - [37m[MainThread] UM3NetworkPrinting.src.Cloud.CloudOutputDeviceManager._onGetRemoteClustersFinished [170]: Synced cloud printers with account.[0m
[35m2026-09-30 20:12:20,427[0m - [36mDEBUG[0m - [37m[MainThread] UM3NetworkPrinting.src.Cloud.CloudOutputDeviceManager._onGetRemoteClustersFinished [170]: Synced cloud printers with account.[0m
[35m2026-09-30 20:13:21,355[0m - [36mDEBUG[0m - [37m[MainThread] UM3NetworkPrinting.src.Cloud.CloudOutputDeviceManager._onGetRemoteClustersFinished [170]: Synced cloud printers with account.[0m
[35m2026-09-30 20:14:22,409[0m - [36mDEBUG[0m - [37m[MainThread] UM3NetworkPrinting.src.Cloud.CloudOutputDeviceManager._onGetRemoteClustersFinished [170]: Synced cloud printers with account.[0m
[35m2026-09-30 20:15:23,315[0m - [36mDEBUG[0m - [37m[MainThread] UM3NetworkPrinting.src.Cloud.CloudOutputDeviceManager._onGetRemoteClustersFinished [170]: Synced cloud printers with account.[0m
[35m2026-09-30 20:16:24,409[0m - [36mDEBUG[0m - [37m[MainThread] UM3NetworkPrinting.src.Cloud.CloudOutputDeviceManager._onGetRemoteClustersFinished [170]: Synced cloud printers with account.[0m
[35m2026-09-30 20:17:25,278[0m - [36mDEBUG[0m - [37m[MainThread] UM3NetworkPrinting.src.Cloud.CloudOutputDeviceManager._onGetRemoteClustersFinished [170]: Synced cloud printers with account.[0m
[35m2026-09-30 20:18:26,314[0m - [36mDEBUG[0m - [37m[MainThread] UM3NetworkPrinting.src.Cloud.CloudOutputDeviceManager._onGetRemoteClustersFinished [170]: Synced cloud printers with account.[0m
[35m2026-09-30 20:19:27,541[0m - [36mDEBUG[0m - [37m[MainThread] UM3NetworkPrinting.src.Cloud.CloudOutputDeviceManager._onGetRemoteClustersFinished [170]: Synced cloud printers with account.[0m
[35m2026-09-30 20:20:28,469[0m - [36mDEBUG[0m - [37m[MainThread] UM3NetworkPrinting.src.Cloud.CloudOutputDeviceManager._onGetRemoteClustersFinished [170]: Synced cloud printers with account.[0m
[35m2026-09-30 20:21:29,295[0m - [36mDEBUG[0m - [37m[MainThread] UM3NetworkPrinting.src.Cloud.CloudOutputDeviceManager._onGetRemoteClustersFinished [170]: Synced cloud printers with account.[0m
[35m2026-09-30 20:22:30,299[0m - [36mDEBUG[0m - [37m[MainThread] UM3NetworkPrinting.src.Cloud.CloudOutputDeviceManager._onGetRemoteClustersFinished [170]: Synced cloud printers with account.[0m
[35m2026-09-30 20:23:31,358[0m - [36mDEBUG[0m - [37m[MainThread] UM3NetworkPrinting.src.Cloud.CloudOutputDeviceManager._onGetRemoteClustersFinished [170]: Synced cloud printers with account.[0m
[35m2026-09-30 20:24:32,286[0m - [36mDEBUG[0m - [37m[MainThread] UM3NetworkPrinting.src.Cloud.CloudOutputDeviceManager._onGetRemoteClustersFinished [170]: Synced cloud printers with account.[0m
[35m2026-09-30 20:25:33,623[0m - [36mDEBUG[0m - [37m[MainThread] UM3NetworkPrinting.src.Cloud.CloudOutputDeviceManager._onGetRemoteClustersFinished [170]: Synced cloud printers with account.[0m
[35m2026-09-30 20:26:34,348[0m - [36mDEBUG[0m - [37m[MainThread] UM3NetworkPrinting.src.Cloud.CloudOutputDeviceManager._onGetRemoteClustersFinished [170]: Synced cloud printers with account.[0m
[35m2026-09-30 20:27:35,379[0m - [36mDEBUG[0m - [37m[MainThread] UM3NetworkPrinting.src.Cloud.CloudOutputDeviceManager._onGetRemoteClustersFinished [170]: Synced cloud printers with account.[0m
[35m2026-09-30 20:28:35,752[0m - [36mDEBUG[0m - [37m[MainThread] cura.OAuth2.AuthorizationHelpers.getAccessTokenUsingRefreshToken [67]: Refreshing the access token for [https://account.ultimaker.com][0m
[35m2026-09-30 20:28:35,753[0m - [36mDEBUG[0m - [37m[MainThread] cura.OAuth2.AuthorizationService.refreshAccessToken [199]: Was already busy refreshing token. Do not start a new request.[0m
[35m2026-09-30 20:28:37,945[0m - [36mDEBUG[0m - [37m[MainThread] cura.OAuth2.AuthorizationService._storeAuthData [316]: Attempting to store the auth data for [https://account.ultimaker.com][0m
[35m2026-09-30 20:28:38,717[0m - [36mDEBUG[0m - [37m[MainThread] UM3NetworkPrinting.src.Cloud.CloudOutputDeviceManager._onGetRemoteClustersFinished [170]: Synced cloud printers with account.[0m
[35m2026-09-30 20:28:47,758[0m - [36mDEBUG[0m - [37m[MainThread] cura.AutoSave._onTimeout [64]: Autosaving preferences, instances and profiles took 0.007265806198120117 seconds[0m
[35m2026-09-30 20:29:39,386[0m - [36mDEBUG[0m - [37m[MainThread] UM3NetworkPrinting.src.Cloud.CloudOutputDeviceManager._onGetRemoteClustersFinished [170]: Synced cloud printers with account.[0m
[35m2026-09-30 20:30:40,314[0m - [36mDEBUG[0m - [37m[MainThread] UM3NetworkPrinting.src.Cloud.CloudOutputDeviceManager._onGetRemoteClustersFinished [170]: Synced cloud printers with account.[0m
[35m2026-09-30 20:31:41,550[0m - [36mDEBUG[0m - [37m[MainThread] UM3NetworkPrinting.src.Cloud.CloudOutputDeviceManager._onGetRemoteClustersFinished [170]: Synced cloud printers with account.[0m
[35m2026-09-30 20:32:42,478[0m - [36mDEBUG[0m - [37m[MainThread] UM3NetworkPrinting.src.Cloud.CloudOutputDeviceManager._onGetRemoteClustersFinished [170]: Synced cloud printers with account.[0m
[35m2026-09-30 20:33:43,461[0m - [36mDEBUG[0m - [37m[MainThread] UM3NetworkPrinting.src.Cloud.CloudOutputDeviceManager._onGetRemoteClustersFinished [170]: Synced cloud printers with account.[0m
[35m2026-09-30 20:34:44,336[0m - [36mDEBUG[0m - [37m[MainThread] UM3NetworkPrinting.src.Cloud.CloudOutputDeviceManager._onGetRemoteClustersFinished [170]: Synced cloud printers with account.[0m
[35m2026-09-30 20:35:45,367[0m - [36mDEBUG[0m - [37m[MainThread] UM3NetworkPrinting.src.Cloud.CloudOutputDeviceManager._onGetRemoteClustersFinished [170]: Synced cloud printers with account.[0m
[35m2026-09-30 20:36:46,399[0m - [36mDEBUG[0m - [37m[MainThread] UM3NetworkPrinting.src.Cloud.CloudOutputDeviceManager._onGetRemoteClustersFinished [170]: Synced cloud printers with account.[0m
[35m2026-09-30 20:37:47,429[0m - [36mDEBUG[0m - [37m[MainThread] UM3NetworkPrinting.src.Cloud.CloudOutputDeviceManager._onGetRemoteClustersFinished [170]: Synced cloud printers with account.[0m
[35m2026-09-30 20:38:48,304[0m - [36mDEBUG[0m - [37m[MainThread] UM3NetworkPrinting.src.Cloud.CloudOutputDeviceManager._onGetRemoteClustersFinished [170]: Synced cloud printers with account.[0m
[35m2026-09-30 20:39:49,387[0m - [36mDEBUG[0m - [37m[MainThread] UM3NetworkPrinting.src.Cloud.CloudOutputDeviceManager._onGetRemoteClustersFinished [170]: Synced cloud printers with account.[0m
[35m2026-09-30 20:40:50,418[0m - [36mDEBUG[0m - [37m[MainThread] UM.TaskManagement.HttpRequestManager._onRequestError [394]: request[310dc79c][get][PyQt6.QtCore.QUrl('https://api.ultimaker.com/cura-packages/v1/user/packages')][timeout=10][no-data] got an QNetworkReplyError GOAWAY invalid stream/error code. The server returned: b''[0m
[35m2026-09-30 20:40:50,419[0m - [36mDEBUG[0m - [37m[MainThread] UM3NetworkPrinting.src.Cloud.CloudOutputDeviceManager._onGetRemoteClustersFinished [170]: Synced cloud printers with account.[0m
[35m2026-09-30 20:40:50,419[0m - [33mWARNING[0m - [37m[MainThread] Marketplace.CloudSync.CloudPackageChecker._onUserPackagesRequestFinished [76]: Requesting user packages failed, response code -1 while trying to connect to PyQt6.QtCore.QUrl('https://api.ultimaker.com/cura-packages/v1/user/packages')[0m
[35m2026-09-30 20:41:51,553[0m - [36mDEBUG[0m - [37m[MainThread] UM3NetworkPrinting.src.Cloud.CloudOutputDeviceManager._onGetRemoteClustersFinished [170]: Synced cloud printers with account.[0m
[35m2026-09-30 20:42:52,379[0m - [36mDEBUG[0m - [37m[MainThread] UM3NetworkPrinting.src.Cloud.CloudOutputDeviceManager._onGetRemoteClustersFinished [170]: Synced cloud printers with account.[0m
[35m2026-09-30 20:43:53,379[0m - [36mDEBUG[0m - [37m[MainThread] UM3NetworkPrinting.src.Cloud.CloudOutputDeviceManager._onGetRemoteClustersFinished [170]: Synced cloud printers with account.[0m
[35m2026-09-30 20:44:54,337[0m - [36mDEBUG[0m - [37m[MainThread] UM3NetworkPrinting.src.Cloud.CloudOutputDeviceManager._onGetRemoteClustersFinished [170]: Synced cloud printers with account.[0m
[35m2026-09-30 20:45:55,461[0m - [36mDEBUG[0m - [37m[MainThread] UM3NetworkPrinting.src.Cloud.CloudOutputDeviceManager._onGetRemoteClustersFinished [170]: Synced cloud printers with account.[0m
[35m2026-09-30 20:46:56,331[0m - [36mDEBUG[0m - [37m[MainThread] UM3NetworkPrinting.src.Cloud.CloudOutputDeviceManager._onGetRemoteClustersFinished [170]: Synced cloud printers with account.[0m
[35m2026-09-30 20:47:57,532[0m - [36mDEBUG[0m - [37m[MainThread] UM3NetworkPrinting.src.Cloud.CloudOutputDeviceManager._onGetRemoteClustersFinished [170]: Synced cloud printers with account.[0m
[35m2026-09-30 20:48:58,359[0m - [36mDEBUG[0m - [37m[MainThread] UM3NetworkPrinting.src.Cloud.CloudOutputDeviceManager._onGetRemoteClustersFinished [170]: Synced cloud printers with account.[0m
[35m2026-09-30 20:49:59,489[0m - [36mDEBUG[0m - [37m[MainThread] UM3NetworkPrinting.src.Cloud.CloudOutputDeviceManager._onGetRemoteClustersFinished [170]: Synced cloud printers with account.[0m
[35m2026-09-30 20:51:00,318[0m - [36mDEBUG[0m - [37m[MainThread] UM3NetworkPrinting.src.Cloud.CloudOutputDeviceManager._onGetRemoteClustersFinished [170]: Synced cloud printers with account.[0m
[35m2026-09-30 20:52:01,301[0m - [36mDEBUG[0m - [37m[MainThread] UM3NetworkPrinting.src.Cloud.CloudOutputDeviceManager._onGetRemoteClustersFinished [170]: Synced cloud printers with account.[0m
[35m2026-09-30 20:53:02,326[0m - [36mDEBUG[0m - [37m[MainThread] UM3NetworkPrinting.src.Cloud.CloudOutputDeviceManager._onGetRemoteClustersFinished [170]: Synced cloud printers with account.[0m
[35m2026-09-30 20:54:03,309[0m - [36mDEBUG[0m - [37m[MainThread] UM3NetworkPrinting.src.Cloud.CloudOutputDeviceManager._onGetRemoteClustersFinished [170]: Synced cloud printers with account.[0m
[35m2026-09-30 20:55:04,460[0m - [36mDEBUG[0m - [37m[MainThread] UM3NetworkPrinting.src.Cloud.CloudOutputDeviceManager._onGetRemoteClustersFinished [170]: Synced cloud printers with account.[0m
[35m2026-09-30 20:56:05,466[0m - [36mDEBUG[0m - [37m[MainThread] UM3NetworkPrinting.src.Cloud.CloudOutputDeviceManager._onGetRemoteClustersFinished [170]: Synced cloud printers with account.[0m
[35m2026-09-30 20:57:06,305[0m - [36mDEBUG[0m - [37m[MainThread] UM3NetworkPrinting.src.Cloud.CloudOutputDeviceManager._onGetRemoteClustersFinished [170]: Synced cloud printers with account.[0m
[35m2026-09-30 20:58:06,752[0m - [36mDEBUG[0m - [37m[MainThread] cura.OAuth2.AuthorizationHelpers.getAccessTokenUsingRefreshToken [67]: Refreshing the access token for [https://account.ultimaker.com][0m
[35m2026-09-30 20:58:06,753[0m - [36mDEBUG[0m - [37m[MainThread] cura.OAuth2.AuthorizationService.refreshAccessToken [199]: Was already busy refreshing token. Do not start a new request.[0m
[35m2026-09-30 20:58:08,456[0m - [36mDEBUG[0m - [37m[MainThread] cura.OAuth2.AuthorizationService._storeAuthData [316]: Attempting to store the auth data for [https://account.ultimaker.com][0m
[35m2026-09-30 20:58:09,075[0m - [36mDEBUG[0m - [37m[MainThread] UM3NetworkPrinting.src.Cloud.CloudOutputDeviceManager._onGetRemoteClustersFinished [170]: Synced cloud printers with account.[0m
[35m2026-09-30 20:58:18,757[0m - [36mDEBUG[0m - [37m[MainThread] cura.AutoSave._onTimeout [64]: Autosaving preferences, instances and profiles took 0.006015300750732422 seconds[0m
[35m2026-09-30 20:59:09,590[0m - [36mDEBUG[0m - [37m[MainThread] UM3NetworkPrinting.src.Cloud.CloudOutputDeviceManager._onGetRemoteClustersFinished [170]: Synced cloud printers with account.[0m
[35m2026-09-30 21:00:10,326[0m - [36mDEBUG[0m - [37m[MainThread] UM3NetworkPrinting.src.Cloud.CloudOutputDeviceManager._onGetRemoteClustersFinished [170]: Synced cloud printers with account.[0m
[35m2026-09-30 21:01:11,306[0m - [36mDEBUG[0m - [37m[MainThread] UM3NetworkPrinting.src.Cloud.CloudOutputDeviceManager._onGetRemoteClustersFinished [170]: Synced cloud printers with account.[0m
[35m2026-09-30 21:02:12,457[0m - [36mDEBUG[0m - [37m[MainThread] UM3NetworkPrinting.src.Cloud.CloudOutputDeviceManager._onGetRemoteClustersFinished [170]: Synced cloud printers with account.[0m
[35m2026-09-30 21:03:13,402[0m - [36mDEBUG[0m - [37m[MainThread] UM3NetworkPrinting.src.Cloud.CloudOutputDeviceManager._onGetRemoteClustersFinished [170]: Synced cloud printers with account.[0m
[35m2026-09-30 21:04:14,297[0m - [36mDEBUG[0m - [37m[MainThread] UM3NetworkPrinting.src.Cloud.CloudOutputDeviceManager._onGetRemoteClustersFinished [170]: Synced cloud printers with account.[0m
[35m2026-09-30 21:05:15,569[0m - [36mDEBUG[0m - [37m[MainThread] UM3NetworkPrinting.src.Cloud.CloudOutputDeviceManager._onGetRemoteClustersFinished [170]: Synced cloud printers with account.[0m
[35m2026-09-30 21:06:16,451[0m - [36mDEBUG[0m - [37m[MainThread] UM3NetworkPrinting.src.Cloud.CloudOutputDeviceManager._onGetRemoteClustersFinished [170]: Synced cloud printers with account.[0m
[35m2026-09-30 21:07:17,267[0m - [36mDEBUG[0m - [37m[MainThread] UM3NetworkPrinting.src.Cloud.CloudOutputDeviceManager._onGetRemoteClustersFinished [170]: Synced cloud printers with account.[0m
[35m2026-09-30 21:08:24,306[0m - [36mDEBUG[0m - [37m[MainThread] UM3NetworkPrinting.src.Cloud.CloudOutputDeviceManager._onGetRemoteClustersFinished [170]: Synced cloud printers with account.[0m
[35m2026-09-30 21:09:25,325[0m - [36mDEBUG[0m - [37m[MainThread] UM3NetworkPrinting.src.Cloud.CloudOutputDeviceManager._onGetRemoteClustersFinished [170]: Synced cloud printers with account.[0m
[35m2026-09-30 21:10:26,468[0m - [36mDEBUG[0m - [37m[MainThread] UM3NetworkPrinting.src.Cloud.CloudOutputDeviceManager._onGetRemoteClustersFinished [170]: Synced cloud printers with account.[0m
[35m2026-09-30 21:11:27,310[0m - [36mDEBUG[0m - [37m[MainThread] UM3NetworkPrinting.src.Cloud.CloudOutputDeviceManager._onGetRemoteClustersFinished [170]: Synced cloud printers with account.[0m
[35m2026-09-30 21:12:28,282[0m - [36mDEBUG[0m - [37m[MainThread] UM3NetworkPrinting.src.Cloud.CloudOutputDeviceManager._onGetRemoteClustersFinished [170]: Synced cloud printers with account.[0m
[35m2026-09-30 21:13:29,372[0m - [36mDEBUG[0m - [37m[MainThread] UM3NetworkPrinting.src.Cloud.CloudOutputDeviceManager._onGetRemoteClustersFinished [170]: Synced cloud printers with account.[0m
[35m2026-09-30 21:14:30,578[0m - [36mDEBUG[0m - [37m[MainThread] UM3NetworkPrinting.src.Cloud.CloudOutputDeviceManager._onGetRemoteClustersFinished [170]: Synced cloud printers with account.[0m
[35m2026-09-30 21:15:31,299[0m - [36mDEBUG[0m - [37m[MainThread] UM3NetworkPrinting.src.Cloud.CloudOutputDeviceManager._onGetRemoteClustersFinished [170]: Synced cloud printers with account.[0m
[35m2026-09-30 21:16:32,314[0m - [36mDEBUG[0m - [37m[MainThread] UM3NetworkPrinting.src.Cloud.CloudOutputDeviceManager._onGetRemoteClustersFinished [170]: Synced cloud printers with account.[0m
[35m2026-09-30 21:17:33,312[0m - [36mDEBUG[0m - [37m[MainThread] UM3NetworkPrinting.src.Cloud.CloudOutputDeviceManager._onGetRemoteClustersFinished [170]: Synced cloud printers with account.[0m
[35m2026-09-30 21:18:34,340[0m - [36mDEBUG[0m - [37m[MainThread] UM3NetworkPrinting.src.Cloud.CloudOutputDeviceManager._onGetRemoteClustersFinished [170]: Synced cloud printers with account.[0m
[35m2026-09-30 21:19:35,358[0m - [36mDEBUG[0m - [37m[MainThread] UM3NetworkPrinting.src.Cloud.CloudOutputDeviceManager._onGetRemoteClustersFinished [170]: Synced cloud printers with account.[0m
[35m2026-09-30 21:20:36,460[0m - [36mDEBUG[0m - [37m[MainThread] UM3NetworkPrinting.src.Cloud.CloudOutputDeviceManager._onGetRemoteClustersFinished [170]: Synced cloud printers with account.[0m
[35m2026-09-30 21:21:37,297[0m - [36mDEBUG[0m - [37m[MainThread] UM3NetworkPrinting.src.Cloud.CloudOutputDeviceManager._onGetRemoteClustersFinished [170]: Synced cloud printers with account.[0m
[35m2026-09-30 21:22:38,325[0m - [36mDEBUG[0m - [37m[MainThread] UM3NetworkPrinting.src.Cloud.CloudOutputDeviceManager._onGetRemoteClustersFinished [170]: Synced cloud printers with account.[0m
[35m2026-09-30 21:23:39,309[0m - [36mDEBUG[0m - [37m[MainThread] UM3NetworkPrinting.src.Cloud.CloudOutputDeviceManager._onGetRemoteClustersFinished [170]: Synced cloud printers with account.[0m
[35m2026-09-30 21:24:40,500[0m - [36mDEBUG[0m - [37m[MainThread] UM3NetworkPrinting.src.Cloud.CloudOutputDeviceManager._onGetRemoteClustersFinished [170]: Synced cloud printers with account.[0m
[35m2026-09-30 21:25:41,276[0m - [36mDEBUG[0m - [37m[MainThread] UM3NetworkPrinting.src.Cloud.CloudOutputDeviceManager._onGetRemoteClustersFinished [170]: Synced cloud printers with account.[0m
[35m2026-09-30 21:26:42,293[0m - [36mDEBUG[0m - [37m[MainThread] UM3NetworkPrinting.src.Cloud.CloudOutputDeviceManager._onGetRemoteClustersFinished [170]: Synced cloud printers with account.[0m
[35m2026-09-30 21:27:42,752[0m - [36mDEBUG[0m - [37m[MainThread] cura.OAuth2.AuthorizationHelpers.getAccessTokenUsingRefreshToken [67]: Refreshing the access token for [https://account.ultimaker.com][0m
[35m2026-09-30 21:27:42,753[0m - [36mDEBUG[0m - [37m[MainThread] cura.OAuth2.AuthorizationService.refreshAccessToken [199]: Was already busy refreshing token. Do not start a new request.[0m
[35m2026-09-30 21:27:44,459[0m - [36mDEBUG[0m - [37m[MainThread] cura.OAuth2.AuthorizationService._storeAuthData [316]: Attempting to store the auth data for [https://account.ultimaker.com][0m
[35m2026-09-30 21:27:45,084[0m - [36mDEBUG[0m - [37m[MainThread] UM3NetworkPrinting.src.Cloud.CloudOutputDeviceManager._onGetRemoteClustersFinished [170]: Synced cloud printers with account.[0m
[35m2026-09-30 21:27:54,758[0m - [36mDEBUG[0m - [37m[MainThread] cura.AutoSave._onTimeout [64]: Autosaving preferences, instances and profiles took 0.006006002426147461 seconds[0m
[35m2026-09-30 21:28:45,309[0m - [36mDEBUG[0m - [37m[MainThread] UM3NetworkPrinting.src.Cloud.CloudOutputDeviceManager._onGetRemoteClustersFinished [170]: Synced cloud printers with account.[0m
[35m2026-09-30 21:29:46,490[0m - [36mDEBUG[0m - [37m[MainThread] UM3NetworkPrinting.src.Cloud.CloudOutputDeviceManager._onGetRemoteClustersFinished [170]: Synced cloud printers with account.[0m
[35m2026-09-30 21:30:47,339[0m - [36mDEBUG[0m - [37m[MainThread] UM3NetworkPrinting.src.Cloud.CloudOutputDeviceManager._onGetRemoteClustersFinished [170]: Synced cloud printers with account.[0m
[35m2026-09-30 21:31:48,306[0m - [36mDEBUG[0m - [37m[MainThread] UM3NetworkPrinting.src.Cloud.CloudOutputDeviceManager._onGetRemoteClustersFinished [170]: Synced cloud printers with account.[0m
[35m2026-09-30 21:32:49,270[0m - [36mDEBUG[0m - [37m[MainThread] UM3NetworkPrinting.src.Cloud.CloudOutputDeviceManager._onGetRemoteClustersFinished [170]: Synced cloud printers with account.[0m
[35m2026-09-30 21:33:50,317[0m - [36mDEBUG[0m - [37m[MainThread] UM3NetworkPrinting.src.Cloud.CloudOutputDeviceManager._onGetRemoteClustersFinished [170]: Synced cloud printers with account.[0m
[35m2026-09-30 21:34:51,310[0m - [36mDEBUG[0m - [37m[MainThread] UM3NetworkPrinting.src.Cloud.CloudOutputDeviceManager._onGetRemoteClustersFinished [170]: Synced cloud printers with account.[0m
[35m2026-09-30 21:35:52,318[0m - [36mDEBUG[0m - [37m[MainThread] UM3NetworkPrinting.src.Cloud.CloudOutputDeviceManager._onGetRemoteClustersFinished [170]: Synced cloud printers with account.[0m
[35m2026-09-30 21:36:53,313[0m - [36mDEBUG[0m - [37m[MainThread] UM3NetworkPrinting.src.Cloud.CloudOutputDeviceManager._onGetRemoteClustersFinished [170]: Synced cloud printers with account.[0m
[35m2026-09-30 21:37:54,300[0m - [36mDEBUG[0m - [37m[MainThread] UM3NetworkPrinting.src.Cloud.CloudOutputDeviceManager._onGetRemoteClustersFinished [170]: Synced cloud printers with account.[0m
[35m2026-09-30 21:38:55,277[0m - [36mDEBUG[0m - [37m[MainThread] UM3NetworkPrinting.src.Cloud.CloudOutputDeviceManager._onGetRemoteClustersFinished [170]: Synced cloud printers with account.[0m
[35m2026-09-30 21:39:56,359[0m - [36mDEBUG[0m - [37m[MainThread] UM3NetworkPrinting.src.Cloud.CloudOutputDeviceManager._onGetRemoteClustersFinished [170]: Synced cloud printers with account.[0m
[35m2026-09-30 21:40:57,304[0m - [36mDEBUG[0m - [37m[MainThread] UM3NetworkPrinting.src.Cloud.CloudOutputDeviceManager._onGetRemoteClustersFinished [170]: Synced cloud printers with account.[0m
[35m2026-09-30 21:41:58,309[0m - [36mDEBUG[0m - [37m[MainThread] UM.TaskManagement.HttpRequestManager._onRequestError [394]: request[ca0f2d27][get][PyQt6.QtCore.QUrl('https://api.ultimaker.com/connect/v1/clusters?status=active')][timeout=30][no-data] got an QNetworkReplyError GOAWAY invalid stream/error code. The server returned: b''[0m
[35m2026-09-30 21:42:59,439[0m - [36mDEBUG[0m - [37m[MainThread] UM3NetworkPrinting.src.Cloud.CloudOutputDeviceManager._onGetRemoteClustersFinished [170]: Synced cloud printers with account.[0m
[35m2026-09-30 21:44:00,298[0m - [36mDEBUG[0m - [37m[MainThread] UM3NetworkPrinting.src.Cloud.CloudOutputDeviceManager._onGetRemoteClustersFinished [170]: Synced cloud printers with account.[0m
[35m2026-09-30 21:45:01,313[0m - [36mDEBUG[0m - [37m[MainThread] UM3NetworkPrinting.src.Cloud.CloudOutputDeviceManager._onGetRemoteClustersFinished [170]: Synced cloud printers with account.[0m
[35m2026-09-30 21:46:02,277[0m - [36mDEBUG[0m - [37m[MainThread] UM3NetworkPrinting.src.Cloud.CloudOutputDeviceManager._onGetRemoteClustersFinished [170]: Synced cloud printers with account.[0m
[35m2026-09-30 21:47:03,562[0m - [36mDEBUG[0m - [37m[MainThread] UM3NetworkPrinting.src.Cloud.CloudOutputDeviceManager._onGetRemoteClustersFinished [170]: Synced cloud printers with account.[0m
[35m2026-09-30 21:48:04,299[0m - [36mDEBUG[0m - [37m[MainThread] UM3NetworkPrinting.src.Cloud.CloudOutputDeviceManager._onGetRemoteClustersFinished [170]: Synced cloud printers with account.[0m
[35m2026-09-30 21:49:05,417[0m - [36mDEBUG[0m - [37m[MainThread] UM3NetworkPrinting.src.Cloud.CloudOutputDeviceManager._onGetRemoteClustersFinished [170]: Synced cloud printers with account.[0m
[35m2026-09-30 21:50:06,594[0m - [36mDEBUG[0m - [37m[MainThread] UM3NetworkPrinting.src.Cloud.CloudOutputDeviceManager._onGetRemoteClustersFinished [170]: Synced cloud printers with account.[0m
[35m2026-09-30 21:51:07,326[0m - [36mDEBUG[0m - [37m[MainThread] UM3NetworkPrinting.src.Cloud.CloudOutputDeviceManager._onGetRemoteClustersFinished [170]: Synced cloud printers with account.[0m
[35m2026-09-30 21:52:08,499[0m - [36mDEBUG[0m - [37m[MainThread] UM3NetworkPrinting.src.Cloud.CloudOutputDeviceManager._onGetRemoteClustersFinished [170]: Synced cloud printers with account.[0m
[35m2026-09-30 21:53:09,489[0m - [36mDEBUG[0m - [37m[MainThread] UM3NetworkPrinting.src.Cloud.CloudOutputDeviceManager._onGetRemoteClustersFinished [170]: Synced cloud printers with account.[0m
[35m2026-09-30 21:54:10,320[0m - [36mDEBUG[0m - [37m[MainThread] UM3NetworkPrinting.src.Cloud.CloudOutputDeviceManager._onGetRemoteClustersFinished [170]: Synced cloud printers with account.[0m
[35m2026-09-30 21:55:11,362[0m - [36mDEBUG[0m - [37m[MainThread] UM3NetworkPrinting.src.Cloud.CloudOutputDeviceManager._onGetRemoteClustersFinished [170]: Synced cloud printers with account.[0m
[35m2026-09-30 21:56:12,277[0m - [36mDEBUG[0m - [37m[MainThread] UM3NetworkPrinting.src.Cloud.CloudOutputDeviceManager._onGetRemoteClustersFinished [170]: Synced cloud printers with account.[0m
[35m2026-09-30 21:57:12,751[0m - [36mDEBUG[0m - [37m[MainThread] cura.OAuth2.AuthorizationHelpers.getAccessTokenUsingRefreshToken [67]: Refreshing the access token for [https://account.ultimaker.com][0m
[35m2026-09-30 21:57:12,752[0m - [36mDEBUG[0m - [37m[MainThread] cura.OAuth2.AuthorizationService.refreshAccessToken [199]: Was already busy refreshing token. Do not start a new request.[0m
[35m2026-09-30 21:57:14,305[0m - [36mDEBUG[0m - [37m[MainThread] cura.OAuth2.AuthorizationService._storeAuthData [316]: Attempting to store the auth data for [https://account.ultimaker.com][0m
[35m2026-09-30 21:57:15,000[0m - [36mDEBUG[0m - [37m[MainThread] UM3NetworkPrinting.src.Cloud.CloudOutputDeviceManager._onGetRemoteClustersFinished [170]: Synced cloud printers with account.[0m
[35m2026-09-30 21:57:24,758[0m - [36mDEBUG[0m - [37m[MainThread] cura.AutoSave._onTimeout [64]: Autosaving preferences, instances and profiles took 0.006027698516845703 seconds[0m
[35m2026-09-30 21:58:15,321[0m - [36mDEBUG[0m - [37m[MainThread] UM3NetworkPrinting.src.Cloud.CloudOutputDeviceManager._onGetRemoteClustersFinished [170]: Synced cloud printers with account.[0m
[35m2026-09-30 21:59:16,268[0m - [36mDEBUG[0m - [37m[MainThread] UM3NetworkPrinting.src.Cloud.CloudOutputDeviceManager._onGetRemoteClustersFinished [170]: Synced cloud printers with account.[0m
[35m2026-09-30 22:00:17,339[0m - [36mDEBUG[0m - [37m[MainThread] UM3NetworkPrinting.src.Cloud.CloudOutputDeviceManager._onGetRemoteClustersFinished [170]: Synced cloud printers with account.[0m
[35m2026-09-30 22:01:18,274[0m - [36mDEBUG[0m - [37m[MainThread] UM3NetworkPrinting.src.Cloud.CloudOutputDeviceManager._onGetRemoteClustersFinished [170]: Synced cloud printers with account.[0m
[35m2026-09-30 22:02:19,305[0m - [36mDEBUG[0m - [37m[MainThread] UM3NetworkPrinting.src.Cloud.CloudOutputDeviceManager._onGetRemoteClustersFinished [170]: Synced cloud printers with account.[0m
[35m2026-09-30 22:03:20,489[0m - [36mDEBUG[0m - [37m[MainThread] UM3NetworkPrinting.src.Cloud.CloudOutputDeviceManager._onGetRemoteClustersFinished [170]: Synced cloud printers with account.[0m
[35m2026-09-30 22:04:21,349[0m - [36mDEBUG[0m - [37m[MainThread] UM3NetworkPrinting.src.Cloud.CloudOutputDeviceManager._onGetRemoteClustersFinished [170]: Synced cloud printers with account.[0m
[35m2026-09-30 22:05:22,322[0m - [36mDEBUG[0m - [37m[MainThread] UM3NetworkPrinting.src.Cloud.CloudOutputDeviceManager._onGetRemoteClustersFinished [170]: Synced cloud printers with account.[0m
[35m2026-09-30 22:06:23,284[0m - [36mDEBUG[0m - [37m[MainThread] UM3NetworkPrinting.src.Cloud.CloudOutputDeviceManager._onGetRemoteClustersFinished [170]: Synced cloud printers with account.[0m
[35m2026-09-30 22:07:24,443[0m - [36mDEBUG[0m - [37m[MainThread] UM3NetworkPrinting.src.Cloud.CloudOutputDeviceManager._onGetRemoteClustersFinished [170]: Synced cloud printers with account.[0m
[35m2026-09-30 22:08:26,335[0m - [36mDEBUG[0m - [37m[MainThread] UM3NetworkPrinting.src.Cloud.CloudOutputDeviceManager._onGetRemoteClustersFinished [170]: Synced cloud printers with account.[0m
[35m2026-09-30 22:09:27,379[0m - [36mDEBUG[0m - [37m[MainThread] UM3NetworkPrinting.src.Cloud.CloudOutputDeviceManager._onGetRemoteClustersFinished [170]: Synced cloud printers with account.[0m
[35m2026-09-30 22:10:28,446[0m - [36mDEBUG[0m - [37m[MainThread] UM3NetworkPrinting.src.Cloud.CloudOutputDeviceManager._onGetRemoteClustersFinished [170]: Synced cloud printers with account.[0m
[35m2026-09-30 22:11:30,362[0m - [36mDEBUG[0m - [37m[MainThread] UM3NetworkPrinting.src.Cloud.CloudOutputDeviceManager._onGetRemoteClustersFinished [170]: Synced cloud printers with account.[0m
[35m2026-09-30 22:12:31,292[0m - [36mDEBUG[0m - [37m[MainThread] UM3NetworkPrinting.src.Cloud.CloudOutputDeviceManager._onGetRemoteClustersFinished [170]: Synced cloud printers with account.[0m
[35m2026-09-30 22:13:32,424[0m - [36mDEBUG[0m - [37m[MainThread] UM3NetworkPrinting.src.Cloud.CloudOutputDeviceManager._onGetRemoteClustersFinished [170]: Synced cloud printers with account.[0m
[35m2026-09-30 22:14:33,556[0m - [36mDEBUG[0m - [37m[MainThread] UM3NetworkPrinting.src.Cloud.CloudOutputDeviceManager._onGetRemoteClustersFinished [170]: Synced cloud printers with account.[0m
[35m2026-09-30 22:15:35,100[0m - [36mDEBUG[0m - [37m[MainThread] UM3NetworkPrinting.src.Cloud.CloudOutputDeviceManager._onGetRemoteClustersFinished [170]: Synced cloud printers with account.[0m
[35m2026-09-30 22:16:35,312[0m - [36mDEBUG[0m - [37m[MainThread] UM3NetworkPrinting.src.Cloud.CloudOutputDeviceManager._onGetRemoteClustersFinished [170]: Synced cloud printers with account.[0m
[35m2026-09-30 22:17:36,343[0m - [36mDEBUG[0m - [37m[MainThread] UM3NetworkPrinting.src.Cloud.CloudOutputDeviceManager._onGetRemoteClustersFinished [170]: Synced cloud printers with account.[0m
[35m2026-09-30 22:18:37,374[0m - [36mDEBUG[0m - [37m[MainThread] UM3NetworkPrinting.src.Cloud.CloudOutputDeviceManager._onGetRemoteClustersFinished [170]: Synced cloud printers with account.[0m
[35m2026-09-30 22:19:38,506[0m - [36mDEBUG[0m - [37m[MainThread] UM3NetworkPrinting.src.Cloud.CloudOutputDeviceManager._onGetRemoteClustersFinished [170]: Synced cloud printers with account.[0m
[35m2026-09-30 22:20:39,633[0m - [36mDEBUG[0m - [37m[MainThread] UM3NetworkPrinting.src.Cloud.CloudOutputDeviceManager._onGetRemoteClustersFinished [170]: Synced cloud printers with account.[0m
[35m2026-09-30 22:21:40,568[0m - [36mDEBUG[0m - [37m[MainThread] UM3NetworkPrinting.src.Cloud.CloudOutputDeviceManager._onGetRemoteClustersFinished [170]: Synced cloud printers with account.[0m
[35m2026-09-30 22:22:41,444[0m - [36mDEBUG[0m - [37m[MainThread] UM3NetworkPrinting.src.Cloud.CloudOutputDeviceManager._onGetRemoteClustersFinished [170]: Synced cloud printers with account.[0m
[35m2026-09-30 22:23:42,424[0m - [36mDEBUG[0m - [37m[MainThread] UM3NetworkPrinting.src.Cloud.CloudOutputDeviceManager._onGetRemoteClustersFinished [170]: Synced cloud printers with account.[0m
[35m2026-09-30 22:24:43,443[0m - [36mDEBUG[0m - [37m[MainThread] UM3NetworkPrinting.src.Cloud.CloudOutputDeviceManager._onGetRemoteClustersFinished [170]: Synced cloud printers with account.[0m
[35m2026-09-30 22:25:44,385[0m - [36mDEBUG[0m - [37m[MainThread] UM3NetworkPrinting.src.Cloud.CloudOutputDeviceManager._onGetRemoteClustersFinished [170]: Synced cloud printers with account.[0m
[35m2026-09-30 22:26:44,751[0m - [36mDEBUG[0m - [37m[MainThread] cura.OAuth2.AuthorizationHelpers.getAccessTokenUsingRefreshToken [67]: Refreshing the access token for [https://account.ultimaker.com][0m
[35m2026-09-30 22:26:44,752[0m - [36mDEBUG[0m - [37m[MainThread] cura.OAuth2.AuthorizationService.refreshAccessToken [199]: Was already busy refreshing token. Do not start a new request.[0m
[35m2026-09-30 22:26:46,131[0m - [36mDEBUG[0m - [37m[MainThread] cura.OAuth2.AuthorizationService._storeAuthData [316]: Attempting to store the auth data for [https://account.ultimaker.com][0m
[35m2026-09-30 22:26:46,849[0m - [36mDEBUG[0m - [37m[MainThread] UM3NetworkPrinting.src.Cloud.CloudOutputDeviceManager._onGetRemoteClustersFinished [170]: Synced cloud printers with account.[0m
[35m2026-09-30 22:26:55,756[0m - [36mDEBUG[0m - [37m[MainThread] cura.AutoSave._onTimeout [64]: Autosaving preferences, instances and profiles took 0.005303144454956055 seconds[0m
[35m2026-09-30 22:27:47,282[0m - [36mDEBUG[0m - [37m[MainThread] UM3NetworkPrinting.src.Cloud.CloudOutputDeviceManager._onGetRemoteClustersFinished [170]: Synced cloud printers with account.[0m
[35m2026-09-30 22:28:48,295[0m - [36mDEBUG[0m - [37m[MainThread] UM3NetworkPrinting.src.Cloud.CloudOutputDeviceManager._onGetRemoteClustersFinished [170]: Synced cloud printers with account.[0m
[35m2026-09-30 22:29:49,327[0m - [36mDEBUG[0m - [37m[MainThread] UM3NetworkPrinting.src.Cloud.CloudOutputDeviceManager._onGetRemoteClustersFinished [170]: Synced cloud printers with account.[0m
[35m2026-09-30 22:30:50,460[0m - [36mDEBUG[0m - [37m[MainThread] UM3NetworkPrinting.src.Cloud.CloudOutputDeviceManager._onGetRemoteClustersFinished [170]: Synced cloud printers with account.[0m
[35m2026-09-30 22:31:51,491[0m - [36mDEBUG[0m - [37m[MainThread] UM3NetworkPrinting.src.Cloud.CloudOutputDeviceManager._onGetRemoteClustersFinished [170]: Synced cloud printers with account.[0m
[35m2026-09-30 22:32:52,368[0m - [36mDEBUG[0m - [37m[MainThread] UM3NetworkPrinting.src.Cloud.CloudOutputDeviceManager._onGetRemoteClustersFinished [170]: Synced cloud printers with account.[0m
[35m2026-09-30 22:33:53,446[0m - [36mDEBUG[0m - [37m[MainThread] UM3NetworkPrinting.src.Cloud.CloudOutputDeviceManager._onGetRemoteClustersFinished [170]: Synced cloud printers with account.[0m
[35m2026-09-30 22:34:54,450[0m - [36mDEBUG[0m - [37m[MainThread] UM3NetworkPrinting.src.Cloud.CloudOutputDeviceManager._onGetRemoteClustersFinished [170]: Synced cloud printers with account.[0m
[35m2026-09-30 22:35:55,409[0m - [36mDEBUG[0m - [37m[MainThread] UM3NetworkPrinting.src.Cloud.CloudOutputDeviceManager._onGetRemoteClustersFinished [170]: Synced cloud printers with account.[0m
[35m2026-09-30 22:36:56,341[0m - [36mDEBUG[0m - [37m[MainThread] UM3NetworkPrinting.src.Cloud.CloudOutputDeviceManager._onGetRemoteClustersFinished [170]: Synced cloud printers with account.[0m
[35m2026-09-30 22:37:57,370[0m - [36mDEBUG[0m - [37m[MainThread] UM3NetworkPrinting.src.Cloud.CloudOutputDeviceManager._onGetRemoteClustersFinished [170]: Synced cloud printers with account.[0m
[35m2026-09-30 22:38:58,298[0m - [36mDEBUG[0m - [37m[MainThread] UM3NetworkPrinting.src.Cloud.CloudOutputDeviceManager._onGetRemoteClustersFinished [170]: Synced cloud printers with account.[0m
[35m2026-09-30 22:39:59,367[0m - [36mDEBUG[0m - [37m[MainThread] UM3NetworkPrinting.src.Cloud.CloudOutputDeviceManager._onGetRemoteClustersFinished [170]: Synced cloud printers with account.[0m
[35m2026-09-30 22:41:00,380[0m - [36mDEBUG[0m - [37m[MainThread] UM3NetworkPrinting.src.Cloud.CloudOutputDeviceManager._onGetRemoteClustersFinished [170]: Synced cloud printers with account.[0m
[35m2026-09-30 22:42:01,291[0m - [36mDEBUG[0m - [37m[MainThread] UM3NetworkPrinting.src.Cloud.CloudOutputDeviceManager._onGetRemoteClustersFinished [170]: Synced cloud printers with account.[0m
[35m2026-09-30 22:43:02,422[0m - [36mDEBUG[0m - [37m[MainThread] UM.TaskManagement.HttpRequestManager._onRequestError [394]: request[b9ae92da][get][PyQt6.QtCore.QUrl('https://api.ultimaker.com/connect/v1/clusters?status=active')][timeout=30][no-data] got an QNetworkReplyError GOAWAY invalid stream/error code. The server returned: b''[0m
[35m2026-09-30 22:44:04,271[0m - [36mDEBUG[0m - [37m[MainThread] UM3NetworkPrinting.src.Cloud.CloudOutputDeviceManager._onGetRemoteClustersFinished [170]: Synced cloud printers with account.[0m
[35m2026-09-30 22:45:05,327[0m - [36mDEBUG[0m - [37m[MainThread] UM3NetworkPrinting.src.Cloud.CloudOutputDeviceManager._onGetRemoteClustersFinished [170]: Synced cloud printers with account.[0m
[35m2026-09-30 22:46:06,351[0m - [36mDEBUG[0m - [37m[MainThread] UM3NetworkPrinting.src.Cloud.CloudOutputDeviceManager._onGetRemoteClustersFinished [170]: Synced cloud printers with account.[0m
[35m2026-09-30 22:47:07,466[0m - [36mDEBUG[0m - [37m[MainThread] UM3NetworkPrinting.src.Cloud.CloudOutputDeviceManager._onGetRemoteClustersFinished [170]: Synced cloud printers with account.[0m
[35m2026-09-30 22:48:08,294[0m - [36mDEBUG[0m - [37m[MainThread] UM3NetworkPrinting.src.Cloud.CloudOutputDeviceManager._onGetRemoteClustersFinished [170]: Synced cloud printers with account.[0m
[35m2026-09-30 22:49:09,442[0m - [36mDEBUG[0m - [37m[MainThread] UM3NetworkPrinting.src.Cloud.CloudOutputDeviceManager._onGetRemoteClustersFinished [170]: Synced cloud printers with account.[0m
[35m2026-09-30 22:50:10,449[0m - [36mDEBUG[0m - [37m[MainThread] UM3NetworkPrinting.src.Cloud.CloudOutputDeviceManager._onGetRemoteClustersFinished [170]: Synced cloud printers with account.[0m
[35m2026-09-30 22:51:11,385[0m - [36mDEBUG[0m - [37m[MainThread] UM3NetworkPrinting.src.Cloud.CloudOutputDeviceManager._onGetRemoteClustersFinished [170]: Synced cloud printers with account.[0m
[35m2026-09-30 22:52:12,313[0m - [36mDEBUG[0m - [37m[MainThread] UM3NetworkPrinting.src.Cloud.CloudOutputDeviceManager._onGetRemoteClustersFinished [170]: Synced cloud printers with account.[0m
[35m2026-09-30 22:53:13,344[0m - [36mDEBUG[0m - [37m[MainThread] UM3NetworkPrinting.src.Cloud.CloudOutputDeviceManager._onGetRemoteClustersFinished [170]: Synced cloud printers with account.[0m
[35m2026-09-30 22:54:14,409[0m - [36mDEBUG[0m - [37m[MainThread] UM3NetworkPrinting.src.Cloud.CloudOutputDeviceManager._onGetRemoteClustersFinished [170]: Synced cloud printers with account.[0m
[35m2026-09-30 22:54:26,757[0m - [36mDEBUG[0m - [37m[MainThread] cura.AutoSave._onTimeout [64]: Autosaving preferences, instances and profiles took 0.006201505661010742 seconds[0m
[35m2026-09-30 22:55:15,436[0m - [36mDEBUG[0m - [37m[MainThread] UM3NetworkPrinting.src.Cloud.CloudOutputDeviceManager._onGetRemoteClustersFinished [170]: Synced cloud printers with account.[0m
[35m2026-09-30 22:56:15,752[0m - [36mDEBUG[0m - [37m[MainThread] cura.OAuth2.AuthorizationHelpers.getAccessTokenUsingRefreshToken [67]: Refreshing the access token for [https://account.ultimaker.com][0m
[35m2026-09-30 22:56:15,753[0m - [36mDEBUG[0m - [37m[MainThread] cura.OAuth2.AuthorizationService.refreshAccessToken [199]: Was already busy refreshing token. Do not start a new request.[0m
[35m2026-09-30 22:56:17,448[0m - [36mDEBUG[0m - [37m[MainThread] cura.OAuth2.AuthorizationService._storeAuthData [316]: Attempting to store the auth data for [https://account.ultimaker.com][0m
[35m2026-09-30 22:56:18,077[0m - [36mDEBUG[0m - [37m[MainThread] UM3NetworkPrinting.src.Cloud.CloudOutputDeviceManager._onGetRemoteClustersFinished [170]: Synced cloud printers with account.[0m
[35m2026-09-30 22:56:27,757[0m - [36mDEBUG[0m - [37m[MainThread] cura.AutoSave._onTimeout [64]: Autosaving preferences, instances and profiles took 0.0056209564208984375 seconds[0m
[35m2026-09-30 22:57:18,343[0m - [36mDEBUG[0m - [37m[MainThread] UM3NetworkPrinting.src.Cloud.CloudOutputDeviceManager._onGetRemoteClustersFinished [170]: Synced cloud printers with account.[0m
[35m2026-09-30 22:58:19,319[0m - [36mDEBUG[0m - [37m[MainThread] UM3NetworkPrinting.src.Cloud.CloudOutputDeviceManager._onGetRemoteClustersFinished [170]: Synced cloud printers with account.[0m
[35m2026-09-30 22:59:20,301[0m - [36mDEBUG[0m - [37m[MainThread] UM3NetworkPrinting.src.Cloud.CloudOutputDeviceManager._onGetRemoteClustersFinished [170]: Synced cloud printers with account.[0m
[35m2026-09-30 23:00:21,380[0m - [36mDEBUG[0m - [37m[MainThread] UM3NetworkPrinting.src.Cloud.CloudOutputDeviceManager._onGetRemoteClustersFinished [170]: Synced cloud printers with account.[0m
[35m2026-09-30 23:01:22,311[0m - [36mDEBUG[0m - [37m[MainThread] UM3NetworkPrinting.src.Cloud.CloudOutputDeviceManager._onGetRemoteClustersFinished [170]: Synced cloud printers with account.[0m
[35m2026-09-30 23:02:23,442[0m - [36mDEBUG[0m - [37m[MainThread] UM3NetworkPrinting.src.Cloud.CloudOutputDeviceManager._onGetRemoteClustersFinished [170]: Synced cloud printers with account.[0m
[35m2026-09-30 23:03:24,372[0m - [36mDEBUG[0m - [37m[MainThread] UM3NetworkPrinting.src.Cloud.CloudOutputDeviceManager._onGetRemoteClustersFinished [170]: Synced cloud printers with account.[0m
[35m2026-09-30 23:04:25,401[0m - [36mDEBUG[0m - [37m[MainThread] UM3NetworkPrinting.src.Cloud.CloudOutputDeviceManager._onGetRemoteClustersFinished [170]: Synced cloud printers with account.[0m
[35m2026-09-30 23:05:26,432[0m - [36mDEBUG[0m - [37m[MainThread] UM3NetworkPrinting.src.Cloud.CloudOutputDeviceManager._onGetRemoteClustersFinished [170]: Synced cloud printers with account.[0m
[35m2026-09-30 23:06:27,449[0m - [36mDEBUG[0m - [37m[MainThread] UM3NetworkPrinting.src.Cloud.CloudOutputDeviceManager._onGetRemoteClustersFinished [170]: Synced cloud printers with account.[0m
[35m2026-09-30 23:07:28,444[0m - [36mDEBUG[0m - [37m[MainThread] UM3NetworkPrinting.src.Cloud.CloudOutputDeviceManager._onGetRemoteClustersFinished [170]: Synced cloud printers with account.[0m
[35m2026-09-30 23:08:29,422[0m - [36mDEBUG[0m - [37m[MainThread] UM3NetworkPrinting.src.Cloud.CloudOutputDeviceManager._onGetRemoteClustersFinished [170]: Synced cloud printers with account.[0m
[35m2026-09-30 23:09:30,556[0m - [36mDEBUG[0m - [37m[MainThread] UM3NetworkPrinting.src.Cloud.CloudOutputDeviceManager._onGetRemoteClustersFinished [170]: Synced cloud printers with account.[0m
[35m2026-09-30 23:09:37,303[0m - [36mDEBUG[0m - [37m[MainThread] cura.TaskManagement.OnExitCallbackManager.triggerNextCallback [56]: No more on-app-exit callbacks to process. Tell the app to exit.[0m
[35m2026-09-30 23:09:37,303[0m - [32mINFO[0m - [37m[MainThread] cura.CuraApplication.closeApplication [685]: Close application[0m
[35m2026-09-30 23:09:37,304[0m - [32mINFO[0m - [37m[MainThread] cura.CuraApplication._setLoadingHint [883]: Initializing Active Machine...[0m
[35m2026-09-30 23:09:37,305[0m - [36mDEBUG[0m - [37m[MainThread] cura.Machines.Models.IntentSelectionModel._update [74]: Updating IntentSelectionModel.[0m
[35m2026-09-30 23:09:37,306[0m - [36mDEBUG[0m - [37m[MainThread] cura.Machines.Models.IntentSelectionModel._update [79]: No active GlobalStack, set quality profile model as empty.[0m
[35m2026-09-30 23:09:37,306[0m - [36mDEBUG[0m - [37m[MainThread] cura.Machines.Models.IntentSelectionModel._update [74]: Updating IntentSelectionModel.[0m
[35m2026-09-30 23:09:37,307[0m - [36mDEBUG[0m - [37m[MainThread] cura.Machines.Models.IntentSelectionModel._update [79]: No active GlobalStack, set quality profile model as empty.[0m
[35m2026-09-30 23:09:37,307[0m - [33mWARNING[0m - [37m[MainThread] UM.Qt.QtApplication.__onQmlWarning [449]: file:///tmp/.mount_curaMKMEln/share/cura/resources/qml/PrintSetupSelector/ProfileWarningReset.qml:64: TypeError: Cannot read property 'name' of null[0m
[35m2026-09-30 23:09:37,307[0m - [33mWARNING[0m - [37m[MainThread] UM.Qt.QtApplication.__onQmlWarning [449]: file:///tmp/.mount_curaMKMEln/share/cura/resources/qml/PrintSetupSelector/ProfileWarningReset.qml:64: TypeError: Cannot read property 'name' of null[0m
[35m2026-09-30 23:09:37,309[0m - [36mDEBUG[0m - [37m[MainThread] cura.Machines.Models.NozzleModel._update [28]: Updating NozzleModel.[0m
[35m2026-09-30 23:09:37,309[0m - [36mDEBUG[0m - [37m[MainThread] cura.Machines.Models.NozzleModel._update [28]: Updating NozzleModel.[0m
[35m2026-09-30 23:09:37,356[0m - [33mWARNING[0m - [37m[MainThread] UM.Qt.QtApplication.__onQmlWarning [449]: file:///tmp/.mount_curaMKMEln/share/cura/resources/qml/WelcomePages/AddLocalPrinterScrollView.qml:357:25: Unable to assign QString to QRegularExpression[0m
[35m2026-09-30 23:09:37,357[0m - [36mDEBUG[0m - [37m[MainThread] UM.Qt.QtApplication.windowClosed [516]: Shutting down cura[0m
[35m2026-09-30 23:09:37,363[0m - [36mDEBUG[0m - [37m[MainThread] CuraEngineBackend.CuraEngineBackend._terminate [437]: Attempting to kill the engine process[0m
[35m2026-09-30 23:09:37,363[0m - [36mDEBUG[0m - [37m[MainThread] CuraEngineBackend.CuraEngineBackend._terminate [443]: Killing engine process[0m
[35m2026-09-30 23:09:37,364[0m - [36mDEBUG[0m - [37m[MainThread] CuraEngineBackend.CuraEngineBackend._terminate [446]: Engine process is killed. Received return code -15[0m
